d0,d1,d2,d3,d4,d5,d6,d7,d8,d9,y
36.81,25.09,47.98,33.46,-5.32,27.67,98.92,45.85,68.12,139.28,705.9053892120277
-48.88,12.36,-24.02,0.42,26.45,25.71,14.52,42.39,45.33,87.36,698.0507845160586
-28.59,3.34,35.34,39.56,51.35,13.36,20.59,80.2,65.51,102.63,-57.348093126012344
16.37,-10.79,4.47,56.09,34.14,72.48,41.76,82.41,45.08,64.42,136.4792402238208
-18.86,-28.85,27.55,58.26,19.57,26.85,50.16,110.6,71.63,98.36,-199.4528396331397
15.63,-36.57,62.52,-1.8,35.53,42.73,93.37,67.16,126.31,78.0,-667.4242129590111
-26.38,16.71,56.77,5.56,80.49,63.43,12.31,43.9,89.91,72.47,108.1488196996677
47.2,-21.52,19.0,74.05,16.37,32.27,39.38,61.59,70.55,127.84,-171.42604078421547
46.23,-1.04,61.27,25.98,66.16,10.22,101.16,93.16,123.79,131.16,-797.3387655026482
-4.13,-23.98,53.82,35.79,39.88,75.01,100.34,71.12,64.43,96.22,277.52223164714496
29.12,57.61,-3.25,-6.9,15.52,41.48,28.53,27.95,87.98,57.01,476.44110708086777
37.21,-12.23,28.02,78.4,80.24,28.86,103.83,108.49,128.15,47.38,-1537.5516160031614
-17.49,0.4,-26.89,18.09,89.35,70.76,103.34,105.22,48.65,65.0,105.90730745125228
1.89,21.86,-21.86,20.27,15.05,48.93,73.06,43.15,127.43,114.99,409.5683098793392
25.01,28.04,56.09,29.78,75.64,44.57,16.95,36.73,129.56,66.2,-579.3688389367568
-23.89,14.23,54.42,69.39,-2.15,41.79,43.76,94.26,116.67,102.25,230.5970429317104
38.72,9.22,37.16,-17.92,10.58,37.72,28.43,98.77,40.07,66.77,244.0343594920296
-35.33,54.26,-1.03,48.17,23.05,0.23,57.2,66.17,62.17,122.0,718.2866124276941
35.57,28.62,26.53,67.47,16.99,62.28,71.31,46.87,58.75,76.61,429.66307982368966
42.18,0.08,-5.8,53.23,-2.05,4.4,54.77,61.13,127.52,121.64,-430.5003131102462
-37.93,8.61,14.4,-3.84,79.19,10.19,87.72,103.63,61.17,137.83,210.59610081213572
-6.55,1.89,2.49,4.18,51.06,38.46,93.58,91.1,47.26,117.01,425.94504703229575
28.22,-32.17,-7.67,29.68,68.56,62.03,55.14,39.33,67.8,47.92,-584.0510790531775
42.62,32.09,-21.72,57.7,52.31,42.2,63.26,79.79,56.45,56.67,-156.42645280555038
-12.82,3.76,45.22,5.52,52.59,39.17,26.21,102.42,120.35,104.87,-181.1758506719238
-17.03,6.08,-12.07,67.06,29.79,85.25,31.27,112.58,52.27,138.9,1008.5488108161104
-27.52,41.86,26.42,5.53,26.35,47.08,59.76,35.81,93.5,56.32,503.12292455695643
28.75,56.4,22.62,74.69,20.91,29.86,109.79,59.98,75.55,95.72,373.98208471298193
-27.34,52.02,13.62,-14.93,28.07,37.49,50.22,119.03,73.32,80.53,719.8504132662421
35.7,40.01,-28.94,2.62,1.55,47.87,47.28,29.02,58.28,119.41,1061.4382306101443
44.47,59.13,-21.39,-13.0,27.96,94.18,48.29,93.32,45.53,62.88,1090.6077669285748
-16.72,29.32,-16.36,39.68,58.65,99.73,56.52,101.65,101.25,136.01,911.8775208810808
47.9,59.99,13.11,60.13,24.14,52.27,27.16,97.79,128.75,74.06,-61.77955069503764
-40.25,41.98,7.13,47.84,84.34,1.13,58.85,97.7,64.65,106.05,10.640241868935414
10.07,10.74,57.93,76.88,22.25,28.62,103.65,41.1,111.01,73.2,-367.015463140063
12.48,59.24,-11.57,6.27,25.7,22.84,62.84,79.85,117.33,46.96,-56.86112108095706
-40.55,49.66,53.17,-16.18,-4.48,10.78,75.2,101.57,58.63,139.17,1275.4697237440857
-13.45,-6.76,58.18,62.65,77.93,21.1,27.09,53.46,60.64,63.36,-628.363946534908
-38.3,35.31,25.65,-12.61,80.59,35.69,27.23,50.99,83.62,91.05,325.2859819389943
-19.39,-1.82,27.8,47.44,75.99,17.3,69.75,105.15,46.01,78.57,-373.6809691819784
7.56,-26.7,-18.8,50.61,14.98,7.96,37.18,65.31,77.99,42.5,-782.8170283650419
9.14,-31.04,6.03,16.01,70.44,92.4,46.3,35.58,61.92,68.7,35.19394312456831
45.45,-11.97,51.89,35.48,16.1,32.29,40.58,54.03,31.06,102.61,149.2817504154698
36.58,-12.83,8.57,44.67,28.73,23.91,61.38,70.09,82.49,104.62,-349.0308021352366
-25.1,19.66,69.72,-3.59,42.42,56.86,70.1,106.31,47.13,128.32,1128.032829659957
-24.61,53.77,11.49,-17.05,25.25,77.88,42.81,68.16,62.35,53.49,1129.2365401658503
47.06,24.97,21.0,72.78,4.22,32.89,20.86,50.65,84.48,78.84,-57.30242212934485
24.43,-15.08,60.15,75.8,-3.36,28.42,81.63,111.32,65.76,59.87,-402.20169298649733
48.44,-0.74,33.71,41.03,56.77,1.11,52.18,77.16,75.01,41.53,-1150.5525415876134
-8.08,-14.11,7.38,2.87,80.47,97.36,58.87,79.7,75.05,115.18,459.5898746402252
-48.04,43.86,54.85,18.59,16.89,98.67,10.01,114.72,66.59,60.24,1220.9264099207735
-36.54,47.51,27.84,48.56,39.37,43.75,77.53,57.15,45.59,91.08,880.7115472785016
25.04,43.68,36.55,20.56,63.03,58.86,89.76,41.49,116.73,120.14,324.4124144162778
-6.73,-28.91,13.34,62.28,81.96,4.89,86.55,63.71,62.94,56.85,-1086.273997291709
11.18,-7.82,64.64,74.85,84.39,44.76,49.6,63.65,117.39,104.68,-737.5409351443263
2.05,9.72,14.95,14.09,4.85,87.68,91.09,83.88,124.75,115.66,726.0435616494266
-43.7,43.67,14.07,48.62,29.67,32.02,81.49,95.36,73.07,114.29,765.054940824757
-16.67,58.38,39.44,43.51,71.05,72.06,25.99,94.63,84.25,123.74,811.268209349237
-12.08,34.11,-26.17,-7.24,21.02,19.12,32.3,65.85,109.78,110.61,395.2667137439613
31.95,52.38,56.22,-5.28,38.02,18.59,102.54,102.34,66.96,52.24,-7.517524299474005
-33.6,-1.94,-24.9,48.78,82.45,83.39,37.24,36.32,59.41,89.21,429.4568136580119
-36.26,-13.74,9.61,1.13,46.43,38.59,65.23,75.78,79.71,82.37,42.639843264837126
-41.47,9.77,21.31,34.52,28.44,42.45,75.09,41.43,126.45,83.04,93.93851692764459
12.23,21.89,32.23,70.25,64.05,17.07,60.12,38.36,100.2,128.1,-72.81936744934046
-1.72,-22.33,48.92,30.24,88.02,4.93,108.61,26.96,123.65,53.42,-1382.3943984482453
-39.79,-39.3,-10.63,26.14,18.4,70.7,59.71,61.94,38.92,98.6,682.9350053844012
-23.82,-13.94,59.27,33.86,43.46,74.62,74.2,58.48,58.34,139.43,782.3359789937836
-15.56,53.22,66.5,22.17,46.84,44.9,95.48,69.01,103.59,61.27,239.99968748389676
-31.79,42.66,49.29,33.1,13.33,78.95,95.87,108.99,30.85,42.92,1074.1615201412428
29.03,43.37,0.2,39.39,78.88,7.28,55.82,53.98,105.91,77.56,-615.6563587816718
-7.22,13.8,63.3,21.35,58.24,34.98,19.75,69.3,117.13,101.62,-208.43500164888707
22.4,-17.84,40.67,5.29,37.76,89.81,91.25,73.23,113.5,136.6,383.6662192963112
-42.83,13.41,60.52,65.0,19.84,79.13,85.09,107.05,86.44,40.55,317.8644924272315
8.07,44.78,-22.09,61.47,71.16,64.52,57.16,39.09,47.85,56.28,352.8719310614784
17.92,21.01,36.83,-4.83,-8.46,55.98,23.65,30.87,66.54,52.38,597.8674872501973
35.37,37.12,-14.77,-11.48,36.18,34.9,65.61,94.75,104.92,44.51,-251.11558306822326
-8.45,-1.58,-4.76,44.92,40.05,26.13,19.61,88.12,51.37,45.4,-304.7985195835936
-36.48,-11.4,30.67,39.83,24.85,12.55,25.37,66.28,98.96,70.04,-393.1457691460878
-9.73,-1.9,36.13,79.39,53.8,91.66,97.6,79.61,57.33,138.32,775.7953151731397
-27.96,-15.9,16.74,20.49,87.27,39.81,96.29,81.48,80.23,120.95,-101.99372864986131
13.36,-12.7,-10.77,21.04,66.44,82.93,82.86,96.08,80.14,76.23,-51.4736913468023
-12.07,12.52,-1.24,12.94,89.03,86.04,20.05,78.19,122.2,52.78,-244.84851404791
10.41,24.05,-3.49,44.38,7.27,13.05,54.94,99.3,115.72,67.43,-334.7444166407728
-36.16,24.92,-13.65,44.83,27.41,72.9,18.85,99.54,56.76,94.77,944.1082902577866
-41.18,23.92,-20.33,10.65,48.31,63.05,85.21,38.69,64.38,89.2,867.9311852454653
34.82,54.77,63.45,32.14,66.74,46.72,34.14,48.51,83.94,109.61,291.54325592124405
14.63,13.65,-14.37,54.06,-5.19,61.42,44.47,64.45,30.65,77.54,797.1916453791578
20.9,-15.69,-19.98,40.71,-2.13,41.4,36.98,86.32,63.6,77.11,45.54024775799518
-27.14,-23.71,-25.05,-4.38,9.53,31.45,23.81,41.08,116.57,127.05,240.0295060327876
-45.88,-33.9,16.36,53.1,78.13,19.98,68.76,29.09,31.18,138.31,114.59173612398446
-14.19,30.29,29.74,-9.76,77.87,10.5,25.11,48.18,125.56,75.61,-489.1503234594558
-10.04,-12.67,24.86,15.25,35.41,24.03,84.93,108.21,63.88,108.13,42.38969729748436
39.33,24.0,15.16,71.92,13.49,77.93,93.73,90.73,61.87,73.53,450.7185742033832
30.17,50.02,64.36,53.97,73.53,10.8,11.57,72.64,39.23,81.78,-141.20820724461578
22.75,7.46,-21.81,63.42,27.39,91.41,45.71,110.24,106.73,63.1,30.121151308631934
-18.97,42.91,52.2,42.17,60.34,61.85,56.71,21.55,101.13,97.24,489.1462021220347
8.15,-31.27,-24.62,24.51,43.71,16.26,23.58,59.31,106.93,75.25,-834.6065606459903
-35.59,-24.63,55.43,3.85,-3.33,62.22,11.85,94.75,103.78,137.79,654.8484046052215
3.42,4.3,-15.97,70.16,70.66,46.41,83.34,31.97,83.16,109.04,-71.22467457621254
44.68,12.17,-17.49,11.12,20.6,3.99,102.03,28.71,69.02,92.57,-89.22830333264375
-28.53,40.01,44.51,31.07,76.93,49.6,70.37,93.83,125.38,107.44,105.22389711079992
25.0,56.43,-21.86,-12.08,51.15,19.24,43.19,53.69,36.06,69.29,431.50671977175944
8.04,58.2,17.32,30.75,62.5,82.24,44.84,22.61,125.11,80.97,451.89715338319763
27.52,6.47,28.22,18.49,83.58,92.34,86.46,61.2,37.45,51.59,179.6166631244633
42.8,-24.31,13.27,64.38,7.02,0.39,66.14,47.84,78.45,127.22,-395.546936616542
-22.17,46.04,26.71,32.64,24.33,65.8,70.31,22.79,81.94,97.6,1032.287488512068
43.25,-19.24,53.05,34.48,88.9,20.47,14.49,74.17,45.44,62.2,-993.8614618847361
-37.73,0.77,21.31,18.54,-1.24,79.8,24.07,103.08,59.08,112.15,1158.6681157947103
42.86,-6.94,-23.38,58.82,85.76,7.81,21.98,104.04,68.23,82.52,-1062.3410675269045
-13.74,-12.08,54.64,46.51,44.73,67.07,79.02,104.97,56.76,48.08,-59.3716413632077
35.28,-38.75,38.56,6.04,61.36,2.58,93.3,77.32,43.83,104.89,-668.763455230472
-36.42,-1.61,5.0,0.91,88.63,61.76,17.68,90.88,97.6,138.28,292.49074914624447
-31.17,-38.55,27.94,1.28,60.71,37.02,22.01,53.48,82.73,106.23,-197.59725191689782
-26.06,-23.91,9.48,-19.38,87.38,39.28,62.66,34.28,43.47,73.58,-82.42110347031824
40.75,56.91,10.36,10.79,83.25,94.0,76.82,86.66,92.68,60.97,271.2118092029899
-25.84,43.55,-23.12,66.83,17.89,52.54,20.61,36.22,39.62,72.04,928.3552131108364
44.01,-7.19,35.22,15.82,87.79,87.91,57.02,29.47,77.56,74.76,-174.8118046738505
0.71,-22.76,14.34,-6.94,69.59,26.74,27.4,69.27,66.98,77.42,-466.1415558036392
34.46,8.08,34.5,32.38,-1.45,13.27,19.07,76.09,83.75,75.89,-239.45736532797375
-46.03,14.68,-11.65,73.97,64.17,19.45,31.31,96.64,90.13,72.99,-371.7331978800337
49.83,8.29,68.82,31.28,36.38,41.01,43.63,108.94,65.98,80.34,-245.6136140715953
-47.33,-12.06,48.49,76.7,67.27,16.25,13.12,25.51,42.67,125.27,86.46757603998329
44.85,-36.28,33.69,24.56,54.59,11.4,105.51,108.11,45.66,127.07,-526.0042537588052
44.08,-0.7,-20.82,60.9,79.75,83.81,12.1,39.44,38.14,46.9,-163.21589826582215
-47.89,59.1,67.83,69.45,26.15,5.4,36.51,99.19,86.13,125.96,567.0117865072621
11.08,57.38,-19.77,74.65,65.59,9.55,42.84,47.81,69.22,121.44,182.1691317598765
11.28,-14.97,-11.66,30.83,56.25,11.21,90.03,90.88,43.39,110.88,-220.9367632071292
4.44,18.5,25.2,-17.8,18.92,30.08,100.97,103.47,44.73,135.37,853.9521426820234
4.96,-20.3,-17.88,12.8,79.47,42.67,13.71,77.02,127.42,122.18,-548.0727957212056
37.09,34.14,68.03,75.22,31.47,30.88,19.23,62.54,89.96,97.27,-102.05283741026574
-11.26,-10.98,32.51,67.04,49.8,19.34,57.4,87.5,63.87,59.18,-580.7811560146415
4.66,2.4,38.0,72.32,43.11,35.05,25.42,117.93,33.48,41.33,-349.0959918782267
29.49,-3.5,-23.67,-9.34,27.8,32.0,104.05,104.1,63.53,115.49,210.91659100775155
-31.92,-23.59,-0.21,42.83,75.84,32.84,51.64,110.36,77.34,63.9,-655.9063207777024
-33.79,-11.22,-5.18,58.05,16.3,84.4,39.29,47.81,68.5,74.27,612.3292686450237
33.96,51.52,46.97,66.73,64.81,58.81,94.62,96.47,108.56,115.61,117.41552381928173
9.71,56.18,-14.2,71.16,55.56,66.79,71.03,81.74,48.82,137.47,1043.218225668553
5.87,-24.15,-6.91,54.76,23.56,68.62,81.88,69.17,104.7,74.31,-172.81207697965124
-25.73,2.09,15.89,2.86,24.93,39.4,29.79,37.56,59.43,88.12,514.54770250239
5.4,24.17,11.36,-12.53,2.07,16.59,60.67,25.91,46.0,106.34,944.1314964221235
-32.74,-36.72,25.9,69.84,75.57,1.96,26.77,23.46,120.48,130.92,-869.6463864524775
10.28,51.19,-25.84,0.85,-7.06,81.42,88.18,45.78,102.26,117.8,1393.8653241122627
13.85,18.1,-26.28,8.77,-0.45,0.36,24.27,108.74,44.98,52.55,-6.863997325292438
-17.41,39.37,5.6,-15.24,50.79,59.84,19.94,107.96,122.46,134.31,648.4483499855094
36.31,51.67,31.9,20.85,37.69,69.75,83.19,84.46,123.3,109.45,432.4791597611294
11.23,2.2,68.98,-17.77,15.06,69.09,54.28,35.76,51.17,113.5,951.6188338020831
28.97,13.61,7.92,-12.53,80.38,8.32,96.44,39.56,63.35,60.89,-528.4772696206709
-19.61,-16.41,26.84,33.63,24.25,53.95,46.91,47.5,47.72,96.46,492.32470306482713
44.76,11.66,13.1,47.61,79.61,12.45,57.39,45.94,112.45,123.86,-695.0826873736347
-9.58,46.02,54.25,48.65,50.52,0.75,98.88,44.04,48.35,118.77,414.4606215769647
-36.51,13.09,-9.77,39.44,-2.43,56.88,19.46,69.1,115.28,86.24,500.24913006875954
-5.91,-23.0,26.92,36.14,-3.6,56.26,30.16,42.02,55.56,77.16,386.2950054855361
16.95,22.47,-27.97,33.8,74.02,75.62,92.77,77.57,121.34,123.03,184.2827291016841
19.33,-20.75,49.67,-18.6,41.75,8.89,76.86,73.8,70.14,44.76,-727.0536374614658
4.29,26.5,40.28,62.9,45.19,48.05,68.24,94.88,48.15,116.86,505.8832918163025
9.88,-4.63,0.56,69.78,18.86,78.21,64.29,35.98,73.21,69.88,285.8766735339925
-26.13,-30.98,12.43,63.73,62.89,34.77,12.21,52.83,118.83,107.81,-616.6255549154906
6.75,-5.4,11.34,48.92,41.79,92.91,92.51,116.25,85.82,110.5,414.84409829799665
21.25,13.68,45.2,58.79,15.97,75.04,98.35,68.25,75.14,114.47,656.632653181189
9.21,-35.18,-29.03,-4.8,46.12,30.95,101.64,27.74,88.59,46.25,-641.1353821203314
26.28,25.18,68.26,-2.32,87.16,20.18,98.0,96.98,129.5,59.91,-948.8594045618446
6.49,-4.45,-11.55,-9.28,89.64,56.81,74.83,51.12,127.31,106.71,-309.4879089256307
-19.21,38.59,2.17,56.36,70.22,58.49,104.2,100.14,69.94,106.57,495.861987088525
-22.61,-16.91,41.06,-13.14,4.78,55.12,90.53,37.38,117.71,120.44,515.0476772833114
34.45,-28.59,62.82,45.82,87.82,18.52,104.26,21.73,109.84,99.14,-966.8994036157835
-4.32,32.25,52.84,57.97,52.2,18.44,46.1,93.15,63.74,115.07,155.7024915581833
-5.06,-34.91,31.26,26.37,71.26,14.11,35.14,107.22,60.32,75.21,-833.5516159465865
14.04,8.48,31.25,49.34,8.47,34.64,101.13,34.57,44.98,102.83,521.444129009653
36.86,-5.2,-6.18,24.77,56.63,38.47,28.49,21.93,46.78,103.15,29.331015490869717
-12.24,-19.53,-18.72,-17.02,80.43,94.39,76.01,98.24,78.13,87.4,234.9335484558969
24.56,-13.67,-4.51,-18.93,11.45,68.75,92.38,32.66,124.24,128.11,440.0162159570329
5.74,32.31,35.34,53.51,61.37,8.99,89.56,23.43,98.38,106.44,-51.67880511216194
-14.81,22.61,24.09,-14.17,41.23,49.24,109.26,118.25,121.71,63.55,-12.94469517366204
-36.35,-32.8,68.21,35.18,51.31,81.23,41.53,113.95,123.89,57.08,-441.3547251772451
44.97,-5.82,51.75,-18.12,40.49,70.55,108.24,80.93,55.94,133.19,590.354930531372
-30.74,48.29,15.33,11.25,57.79,38.37,88.83,46.69,88.73,43.42,187.77692502160596
10.55,5.03,-6.68,-16.96,85.91,11.39,59.18,97.9,69.74,41.41,-779.380644137286
27.36,10.78,-2.73,24.93,45.46,66.37,79.63,31.85,94.35,67.11,23.999941194535474
47.34,-15.37,-29.87,4.0,16.12,18.78,46.38,54.0,77.99,60.45,-491.1031346717977
-3.8,28.03,-29.66,27.91,44.66,31.23,75.13,46.46,49.07,53.5,189.02009454144692
48.63,-33.18,48.8,-18.83,-4.49,31.4,21.62,42.48,93.81,138.24,69.88940254326175
-32.44,-32.1,-12.73,54.83,75.6,29.33,64.31,73.87,128.22,50.81,-1151.2901089885295
-2.03,48.73,27.46,46.74,9.03,66.74,99.51,34.76,41.35,128.5,1511.442762445802
-2.54,59.74,-16.68,32.41,52.83,52.35,100.04,40.07,47.55,77.54,803.9547598589957
21.63,34.23,17.52,45.89,18.14,78.79,23.41,67.55,107.42,52.91,230.54076913061326
41.47,-17.92,-1.94,40.82,53.71,67.22,64.4,58.4,92.97,99.77,-248.6330637389513
10.97,49.79,-25.0,26.67,30.95,46.11,13.08,26.83,60.86,75.44,650.8652111697179
-41.64,30.02,63.8,19.88,81.04,75.0,86.33,88.17,48.39,132.73,1042.3703231462362
-44.15,-8.72,22.45,34.27,3.66,44.8,26.79,92.87,30.97,109.12,874.4514010178453
-0.03,-29.74,20.63,0.92,64.58,21.24,51.48,65.4,116.16,68.76,-946.8349301135528
-7.44,14.85,4.45,28.04,3.04,53.77,107.98,58.28,115.7,67.23,251.1914348748992
-28.75,26.68,-0.21,63.06,76.27,8.35,91.6,35.22,104.54,71.63,-496.343416745551
-25.98,-10.81,30.66,1.62,21.73,83.63,95.14,22.34,123.19,96.81,538.7529861110718
-33.0,-20.17,27.89,22.81,86.07,35.19,12.92,44.37,104.65,114.5,-361.39340331873314
-38.46,30.03,-0.46,40.13,73.71,56.32,63.26,60.19,88.35,113.09,492.94081477820816
-41.59,-24.85,59.19,64.94,-7.61,60.73,94.98,21.88,59.2,87.9,647.2959341339953
19.5,-33.98,25.98,74.11,53.69,15.97,93.17,101.03,88.06,56.13,-1232.0466579748654
-25.32,38.82,-27.84,55.02,-9.43,14.49,50.34,50.18,39.44,102.95,946.052356121969
15.96,36.19,60.4,37.4,76.25,4.14,62.7,88.06,33.3,77.41,-215.72697801451432
1.5,6.75,15.05,63.8,82.65,81.3,87.83,71.63,128.83,134.89,37.28136196082115
-39.91,35.75,24.58,1.16,26.36,36.88,15.78,118.85,39.57,120.33,1084.7475565433622
16.09,-30.64,34.6,71.73,13.28,8.74,45.71,69.62,84.0,130.27,-379.40712854259544
-42.07,-10.26,64.47,36.11,42.27,98.8,60.69,43.41,101.48,107.0,655.1096162152924
-23.13,-38.06,40.48,41.38,73.96,82.69,70.91,41.05,42.48,76.09,94.72206490469513
-45.86,7.5,44.08,43.99,52.35,21.28,26.91,84.28,104.26,133.66,74.8163797644137
-13.83,35.9,-0.74,61.01,12.58,61.18,30.13,32.12,92.73,42.37,366.90718357110256
-12.91,54.64,20.3,34.98,38.7,19.89,99.97,53.1,66.17,43.5,194.75842626014912
30.83,12.28,31.58,74.86,67.19,34.73,86.17,60.87,110.21,81.09,-697.0026543925406
22.49,3.9,65.88,37.84,-9.95,22.26,66.47,111.63,48.33,71.44,68.13251121653863
15.66,-1.23,54.13,19.49,53.63,65.35,16.14,115.34,101.23,40.33,-522.335698239411
7.73,14.95,18.84,15.38,88.15,52.91,97.97,23.55,90.54,40.12,-416.99084591061666
48.92,42.04,-17.56,24.46,-2.69,17.99,64.55,81.89,65.1,53.26,99.16168481273507
-26.7,-16.6,-14.03,40.69,2.08,46.33,61.5,118.87,91.32,72.63,45.31589383287191
-46.02,33.56,35.34,-8.73,27.5,65.59,30.91,89.9,111.79,52.31,494.76116086043936
41.21,46.3,57.05,60.26,86.55,62.56,27.28,87.02,40.81,50.31,-93.3653696381417
-15.92,-17.24,-9.45,41.62,-9.66,24.8,73.64,50.54,36.9,60.02,241.71983906750472
35.65,-4.74,14.86,79.34,27.63,99.18,76.19,37.36,93.43,110.73,396.593957460612
-42.07,4.59,0.99,25.56,26.57,57.16,52.93,63.47,50.31,129.75,1036.9191238433593
-29.56,-3.57,35.1,-6.48,64.38,45.47,44.25,112.39,50.67,72.35,91.58625795824096
-10.26,-10.8,35.06,72.32,42.05,89.19,60.92,74.02,41.79,57.2,314.9878997457967
9.95,9.13,31.47,15.53,64.63,74.15,32.31,46.66,110.34,99.25,108.170576821754
34.04,40.32,8.29,40.55,64.78,79.18,46.72,40.0,118.15,71.56,25.122819019524904
44.18,39.5,67.65,-9.03,40.91,7.33,75.13,38.09,42.9,121.04,417.13851877057493
-9.65,-12.1,53.42,20.65,50.1,88.9,40.97,83.08,112.77,91.6,116.13397806560876
35.12,4.39,-11.62,28.82,80.01,56.8,44.66,56.93,60.39,72.64,-233.81197146519605
-25.26,9.6,-25.92,-18.98,20.87,93.35,53.59,75.18,85.93,91.79,1033.865875631531
-27.8,38.52,2.08,-3.78,34.73,91.47,75.76,65.54,99.71,63.25,867.9834020721895
-28.71,25.3,-3.3,42.87,70.91,99.5,19.04,110.04,117.12,73.37,263.9912579569564
-41.93,53.39,54.45,61.61,41.73,67.56,65.94,70.8,125.84,75.08,454.98089945510395
43.2,-39.9,-22.79,11.89,59.45,41.79,65.95,34.29,41.06,128.48,-52.4439839848535
17.1,-0.29,44.95,0.41,15.13,39.38,35.99,59.62,62.55,136.61,601.619910477073
45.23,11.02,12.04,-9.89,34.93,89.44,15.85,90.86,40.42,41.0,375.30991257300786
-4.28,-19.27,60.83,49.33,26.49,41.97,94.51,69.68,126.86,96.83,-379.0459971016284
-18.07,14.36,36.12,-14.01,27.39,26.78,55.43,37.17,33.37,89.26,688.1055622114508
38.7,-6.59,-9.35,39.97,66.06,57.52,77.07,108.98,124.71,59.92,-873.691660198659
-27.14,33.94,68.08,24.62,37.33,78.87,46.56,83.04,66.89,124.72,1142.6515591229559
-49.25,28.39,32.15,63.03,86.17,48.06,48.86,80.9,60.31,121.7,485.6496105627782
-9.2,53.9,51.67,31.94,71.49,58.54,36.0,105.66,120.46,67.82,-30.189736917294937
45.26,-38.83,56.41,75.39,44.01,48.83,12.9,85.35,34.5,130.93,-167.17772823280225
34.87,-35.62,39.49,-11.25,29.01,83.56,88.7,27.98,105.29,124.28,250.59740554665555
9.57,41.31,63.93,69.04,60.45,39.97,23.06,29.22,60.28,85.2,190.04188885881925
-24.0,14.1,-3.96,5.37,21.59,89.27,17.42,112.92,121.77,99.66,663.6824630225491
21.89,-8.65,-29.43,39.75,61.77,21.26,30.55,102.84,84.63,108.62,-522.9818437973535
19.03,-13.48,45.42,6.69,83.2,96.86,54.28,37.46,33.62,130.86,717.2207380150207
-25.93,16.57,2.14,11.29,65.11,51.5,85.6,38.8,74.92,41.57,62.90358630516262
47.9,-30.82,-17.59,-7.28,61.92,69.75,63.86,104.76,114.5,46.59,-862.2464668801134
33.75,-10.5,6.09,20.65,10.71,1.33,68.87,110.78,110.69,48.19,-972.239441598693
-44.13,35.35,68.22,74.25,8.89,95.64,31.35,69.63,50.98,112.82,1528.7605638275174
-3.4,-16.2,-24.15,-7.99,5.26,36.34,52.31,66.61,69.66,111.09,439.6018381289558
-29.15,-9.97,19.19,69.9,34.92,27.49,53.64,105.04,116.98,130.99,-170.47303858919125
45.7,-22.13,-27.82,4.06,78.29,29.23,81.46,83.0,96.08,102.83,-611.5702236886052
30.6,55.39,46.39,20.55,14.84,74.78,53.26,94.35,51.3,120.73,1259.324959347993
10.89,-18.8,48.66,28.6,86.64,68.99,12.71,75.83,93.23,123.97,-188.16824261305905
-28.16,-16.77,26.26,22.28,-3.59,40.65,65.51,48.17,41.63,73.13,684.4572334399539
39.71,-29.84,-20.85,24.96,64.91,54.33,75.38,56.74,62.02,113.83,-183.87705917413697
19.9,-6.7,57.91,51.45,15.69,55.54,30.85,84.06,124.15,104.21,-179.7859509656192
33.98,-31.3,-19.7,21.67,40.52,82.37,87.08,108.59,89.65,82.56,-21.649300356054965
-33.24,0.28,24.62,19.49,15.26,0.58,58.16,57.72,94.86,94.06,-42.506100974467046
-17.12,25.98,-21.39,22.88,62.19,90.62,23.54,57.0,126.38,53.74,154.05729306787774
10.89,58.06,-24.32,40.67,70.49,32.13,60.75,104.39,55.32,71.65,153.78020687836454
-25.43,30.06,45.85,-17.08,66.82,12.16,100.85,87.85,95.21,56.15,-268.31301088660405
-30.27,-18.86,36.37,-8.19,65.76,14.81,102.81,40.58,115.04,69.54,-646.7193607583134
-47.21,-30.88,-27.66,71.14,10.43,23.59,27.98,40.7,107.19,71.8,-347.0147406240077
12.53,-36.12,-3.36,15.93,0.65,17.64,38.65,74.74,89.82,96.21,-328.72455367556483
17.35,23.25,15.07,-0.54,26.34,79.48,67.49,56.78,41.47,124.41,1228.3151591528958
14.34,24.04,-25.93,35.16,82.98,95.84,37.67,106.28,122.59,73.65,-82.66253877369901
-44.72,20.01,45.54,28.96,69.78,70.0,38.36,71.56,90.4,48.05,109.98660840986786
4.34,35.19,41.89,45.44,15.1,8.17,48.54,116.53,54.65,81.97,130.63746969425966
-49.56,-11.01,65.52,-19.25,56.52,87.8,24.18,47.03,57.77,138.18,1151.045121715513
-28.08,-13.34,34.12,13.83,9.01,33.46,28.1,88.93,79.0,81.54,130.03942383957965
-30.05,27.52,15.2,46.22,-7.66,87.84,48.69,76.39,108.31,102.08,1065.3938038824087
6.47,23.35,24.86,31.44,-2.99,12.26,47.49,109.2,41.79,129.73,840.3657310393777
-29.62,26.13,-15.03,-6.39,6.33,29.51,40.78,65.66,111.57,123.3,698.7764294067929
5.34,-2.76,-7.02,-6.06,80.64,31.7,43.95,92.92,47.95,123.65,90.2757929363952
45.95,22.98,38.07,24.65,31.26,62.95,88.32,55.66,104.95,42.83,-207.11455058381
18.29,-16.04,-27.92,42.9,68.89,61.75,28.54,39.63,112.04,59.81,-661.4862429807445
-15.84,21.12,-5.35,63.62,55.22,53.88,49.17,98.25,127.06,99.4,-97.93799303994346
4.5,-8.79,-19.23,26.9,57.18,47.54,27.62,59.92,97.24,40.15,-585.3303455177862
15.22,-22.42,-4.9,-16.2,46.96,94.24,101.98,53.06,65.72,74.5,393.997049818523
-8.38,-20.89,21.45,68.32,6.6,26.56,105.87,44.6,125.4,43.74,-716.969576013757
31.29,-8.74,32.98,-15.35,20.16,83.86,10.25,106.37,79.02,74.06,267.10003117921366
-22.6,-36.81,51.11,40.79,21.09,51.58,89.27,57.79,68.43,77.21,6.932761423626385
20.77,-38.93,-11.22,31.74,31.15,69.37,41.35,59.22,108.13,114.46,-120.72806144650528
-29.74,-25.07,63.85,64.66,45.06,82.84,106.22,90.89,112.88,102.84,27.12560928021692
21.51,-3.18,59.83,-18.58,76.54,83.0,86.04,61.25,86.55,57.45,-113.0765265307986
-9.23,-21.46,33.32,0.76,16.43,53.07,53.33,99.68,71.43,91.54,240.18901856863272
-47.18,55.7,52.42,6.51,53.21,30.77,48.19,71.06,35.15,59.71,729.0339445877427
34.15,56.18,-8.3,67.52,11.79,83.53,90.42,51.06,129.62,63.35,400.77264091078536
-48.79,47.7,-11.75,26.69,31.17,77.72,13.89,36.02,32.83,126.22,1777.3519229793133
43.12,-2.45,10.02,17.14,26.64,18.03,93.33,110.16,30.55,131.2,383.5524838364862
16.83,0.52,-16.52,47.47,74.62,9.61,23.93,41.63,63.28,94.41,-505.2602954424599
-17.81,35.65,15.34,-19.19,52.59,15.02,61.26,36.39,107.0,104.09,201.34030713170105
1.25,50.13,22.82,43.45,3.05,49.54,71.59,115.56,53.39,96.79,938.0858111398344
45.25,-39.58,47.72,-16.4,6.15,70.96,104.75,31.0,51.23,50.8,81.91678824141215
13.05,-4.45,56.23,-3.24,57.4,94.42,109.63,49.83,57.84,120.38,800.866040980029
-11.1,16.49,6.69,36.1,56.69,3.39,58.9,94.35,84.13,54.96,-600.0717648841403
33.23,-38.74,45.33,11.14,26.8,63.16,45.77,55.79,93.19,55.8,-489.42230551449643
48.62,-22.25,-4.74,21.74,10.43,81.62,54.55,59.19,45.12,103.61,541.5161902966714
-18.78,43.1,-5.91,-12.12,10.77,26.44,83.86,114.07,84.44,77.29,553.2617294753676
-42.86,-6.48,19.67,-9.8,83.17,53.92,57.01,111.24,94.78,54.06,-314.2911963213985
18.69,5.14,25.83,-16.87,28.94,46.87,54.17,105.22,34.45,93.96,673.4291062563691
43.33,46.47,38.37,59.95,6.7,14.44,40.04,91.93,86.54,75.05,-113.76892089697793
45.69,58.07,42.84,79.98,54.19,80.39,82.61,40.86,113.61,108.2,378.7443408005744
20.42,-10.15,-18.78,8.1,16.73,86.74,74.83,115.57,115.02,115.55,394.9262338337943
17.74,29.89,-13.6,18.39,28.2,69.08,18.75,49.7,115.41,137.89,706.8031928212047
-32.16,-14.08,61.25,6.78,17.71,70.19,20.89,24.4,44.87,77.24,764.5318294109709
9.75,-12.43,53.62,21.66,60.67,14.27,109.53,56.95,47.41,136.85,18.20431060964153
37.33,58.74,38.35,0.4,77.37,45.36,17.63,88.98,62.71,67.95,102.62541296492113
-33.01,59.22,-26.26,37.32,64.76,86.37,84.81,106.05,77.33,102.71,1225.1440732694853
-14.39,20.84,68.2,-10.31,66.48,81.79,61.97,44.01,124.14,92.69,335.358174389931
-32.72,27.8,-6.05,6.86,34.57,70.76,96.81,38.77,92.14,71.64,721.9625769373042
-0.1,-5.68,-17.35,6.18,83.96,87.97,86.07,91.3,46.38,113.72,555.4059694399549
-1.75,-28.02,-9.83,24.38,63.81,45.76,55.56,68.74,83.74,80.4,-429.10549881981217
-41.91,38.31,64.54,-11.67,43.46,74.32,98.92,109.85,52.08,139.57,1477.8914694654034
26.23,24.89,66.31,-7.31,47.03,96.76,88.4,43.06,67.06,42.98,510.9118969849167
-44.57,-33.66,-28.6,55.97,24.56,16.72,30.12,118.97,100.31,92.41,-463.47112544931275
1.63,-22.99,14.73,62.55,44.58,51.69,29.44,68.53,110.84,50.77,-745.3066610835508
9.82,-14.06,-5.65,46.94,53.5,26.37,60.98,53.66,34.92,99.96,-50.62323309925644
-26.38,24.22,23.32,25.7,46.1,76.07,25.79,115.71,85.71,64.54,380.13085613359766
16.69,-31.04,22.05,18.58,15.52,7.65,47.4,45.89,54.44,55.08,-518.005545350282
44.28,31.24,68.5,53.05,71.96,49.89,25.29,70.08,71.78,120.18,56.530919363385834
47.32,-30.94,34.27,2.67,43.03,65.68,65.54,43.69,39.71,138.91,410.7801079769058
29.34,59.26,51.87,74.47,65.99,3.95,37.25,118.09,58.6,100.66,-195.77067811344276
-21.05,29.8,52.74,69.62,33.04,73.53,15.68,87.66,72.87,66.97,468.33119264893026
8.54,-11.98,60.38,7.39,60.86,96.39,86.46,73.3,68.32,124.8,611.2674428370493
32.56,-23.55,62.43,8.87,64.04,73.53,81.67,117.41,50.41,46.18,-380.60560082883455
0.55,-37.48,47.27,26.78,87.06,25.23,54.93,40.06,79.11,137.0,-471.1924886101209
-41.07,38.67,48.84,18.03,85.36,28.27,85.98,104.87,124.75,121.95,13.438281807172942
-30.45,41.0,24.73,16.37,36.54,57.27,73.64,22.6,94.29,99.84,840.5423788651169
39.21,36.08,24.58,-9.29,21.16,49.38,19.67,82.91,75.35,49.4,172.76435565378316
-43.63,-12.7,-17.64,-19.8,15.86,76.64,48.84,72.57,95.67,132.76,1018.5349735336025
40.93,25.23,-1.79,27.19,22.59,1.97,53.9,28.86,78.67,47.36,-430.5521159634738
-5.26,-8.62,63.02,36.31,51.06,95.76,21.51,95.1,55.89,96.91,517.6840044377318
-28.35,-19.59,66.26,44.51,43.53,15.67,39.16,39.1,129.39,102.86,-568.9974889311306
24.51,42.9,-25.94,18.86,14.47,50.89,47.23,31.42,95.55,73.1,460.7775946652036
-23.03,3.5,53.48,-2.98,77.65,23.76,12.93,46.33,119.65,134.19,-143.95805355312248
-36.54,48.74,-4.69,17.42,48.26,74.51,87.63,76.0,90.84,51.45,637.3676913819476
36.82,52.73,50.66,9.52,69.81,83.91,109.78,63.28,71.04,103.07,742.9953291922661
-4.07,-29.78,41.7,36.45,86.26,76.43,45.36,23.59,109.11,84.02,-445.0128515007543
2.77,-9.05,-2.93,31.96,72.51,43.58,81.3,54.42,63.02,126.86,96.5415550814289
14.74,18.27,35.19,-11.5,-7.69,60.89,94.99,96.56,107.34,40.03,204.819707814534
-14.8,5.75,8.26,79.76,51.78,29.82,95.61,45.74,82.48,62.85,-350.2426143176614
-20.3,34.73,-22.01,-6.91,-5.03,82.1,105.04,22.86,91.88,59.45,1138.5207333131564
-49.4,-12.76,-13.27,-8.89,3.34,39.96,67.5,24.84,107.87,134.09,740.7980011999297
34.26,33.3,18.45,60.7,48.1,8.47,28.05,106.94,126.56,47.26,-1030.7171879606
26.02,12.87,-0.77,60.97,82.4,67.15,83.84,90.3,125.43,129.13,-214.66766240396598
33.79,57.41,66.14,12.8,63.57,35.64,95.38,76.19,68.37,98.83,300.4409385343982
-25.2,0.29,21.31,73.19,31.84,58.77,41.55,104.03,77.42,126.24,447.8622081070029
-30.24,-8.86,-0.67,69.39,50.78,55.22,35.14,76.26,87.18,94.53,1.1776900746679129
1.6,-1.96,64.13,31.52,54.22,39.72,19.0,72.23,31.57,84.83,107.36809678944213
-46.54,59.78,48.11,11.7,33.19,66.53,83.38,76.72,79.78,77.26,1078.87674457687
38.85,-15.62,-25.84,79.74,51.4,82.96,74.51,43.39,116.88,79.98,-416.588978966516
44.17,7.51,54.29,8.81,24.0,98.92,52.06,44.57,32.12,95.73,973.683653106883
15.6,-18.51,54.09,52.01,62.53,45.45,71.74,79.7,62.39,53.66,-593.5638682188825
2.75,57.63,43.64,-18.43,19.23,95.75,88.48,55.83,81.54,126.71,1639.2921249047258
-23.99,-9.67,14.36,-17.55,12.44,1.11,90.43,20.17,89.58,61.96,-147.70486693612395
29.25,4.91,49.6,24.64,69.11,94.05,65.29,28.63,49.47,60.77,283.9752565588496
17.27,-27.37,48.59,-18.55,73.04,70.12,76.41,25.95,64.07,127.03,281.72300528132985
-7.38,57.92,4.23,70.6,73.7,8.42,64.67,54.91,75.73,87.65,-64.49084675869913
-0.44,43.89,3.96,72.73,66.47,46.86,60.11,85.71,67.5,110.96,366.54571376230666
0.59,39.51,33.5,36.22,59.88,45.1,27.11,79.96,87.65,138.3,490.5429076163051
-3.63,54.65,66.6,76.89,20.33,41.78,89.01,70.24,88.13,60.62,424.89017539404176
46.69,-2.53,-10.43,38.81,-0.13,69.9,57.09,34.5,30.94,78.41,626.7302130328542
6.84,-28.29,63.13,79.76,49.32,65.63,27.88,59.1,92.8,135.76,-72.74231367593822
-6.02,26.91,-1.58,62.56,64.39,73.8,36.04,104.83,50.05,128.64,743.5392662452455
-27.21,38.19,65.16,-15.19,17.11,70.05,53.2,68.36,31.27,79.02,1328.1652415141584
-42.45,6.83,38.78,25.83,70.98,85.7,91.86,34.36,106.28,88.18,399.42770959101085
49.95,54.95,35.49,66.82,49.46,19.21,38.21,89.13,75.58,116.46,167.25252617518365
14.53,19.68,56.26,71.1,60.43,0.1,34.72,30.44,68.3,120.3,-257.7053590205943
4.02,-1.7,33.71,-6.94,89.15,2.52,13.64,87.76,85.2,71.87,-888.6929723677695
36.6,-9.65,59.4,65.53,56.44,75.91,54.76,97.14,94.94,53.83,-585.6506989715407
-12.39,7.26,6.31,24.34,20.82,1.51,19.0,83.62,86.12,95.65,-127.05474186247781
-33.6,36.59,15.23,-4.29,20.28,92.2,68.88,43.72,48.26,123.86,1781.2054911196878
6.07,56.36,61.8,64.26,14.26,8.58,69.99,80.58,109.63,119.83,230.16652998352183
-1.17,-37.98,33.05,-2.32,4.21,87.38,56.18,30.44,45.26,76.11,673.1053033636783
-36.56,-37.26,-5.45,18.19,-7.28,26.08,36.61,46.04,56.33,59.16,85.62892355077986
41.07,39.85,5.58,63.32,60.94,22.97,41.77,29.74,112.9,76.29,-533.1122134032054
-1.22,-3.05,-4.55,48.75,74.18,13.96,76.14,69.26,85.93,92.79,-591.0665521168706
33.78,31.08,45.2,45.39,44.09,26.09,22.4,38.06,87.22,112.89,13.570763431675177
40.59,23.44,52.6,40.62,30.55,3.46,23.59,108.98,42.89,69.25,-317.1762707532121
-27.39,28.55,40.26,35.48,13.19,55.53,73.55,117.41,74.89,74.63,585.3652571704938
-9.48,38.31,-26.75,32.0,23.75,46.71,108.02,108.79,73.96,40.9,266.3116176314007
37.56,45.59,-10.02,58.18,22.25,26.23,60.04,93.85,80.91,106.21,206.86001511088682
-25.31,-15.72,-12.21,57.54,76.65,96.25,77.18,112.77,42.52,120.47,600.8138329903413
-47.89,24.54,29.4,68.09,40.64,25.75,53.37,56.8,52.74,84.24,374.7749127594237
30.19,8.85,39.81,-10.79,63.14,25.42,13.78,84.69,87.33,127.49,-121.64700914392498
37.53,16.61,1.19,37.54,43.64,85.98,10.28,22.88,31.77,46.76,445.1829583306527
-0.5,-1.16,35.62,36.88,17.17,17.72,39.84,41.3,45.32,100.48,262.205584481414
-43.97,41.11,7.69,70.6,81.85,14.33,45.47,95.64,42.77,40.08,-53.54617966202733
-34.5,30.89,-9.9,19.85,-6.51,25.54,52.98,65.4,42.7,100.48,1044.2845797928337
-13.42,13.59,21.36,-13.07,25.8,5.67,20.75,76.61,120.66,82.19,-278.4591830582609
-48.8,40.59,-10.46,16.2,1.84,31.73,23.3,99.85,62.04,125.81,1202.1999633001503
-46.48,-7.53,66.62,37.1,12.39,46.95,33.36,75.41,67.61,114.65,629.6848256631964
-19.88,26.13,47.56,-7.09,83.34,15.69,91.07,87.91,48.77,109.87,218.6739876447082
-32.5,-8.71,39.78,43.21,77.19,50.74,90.43,76.46,33.81,90.11,186.34046887877753
-39.99,30.37,61.63,8.39,79.26,93.04,27.67,53.16,76.86,70.1,676.1812950190667
-43.7,-34.39,-12.87,75.63,65.51,95.52,97.08,58.5,44.12,72.05,319.4577083978861
-19.72,39.39,-6.02,3.39,3.65,31.71,35.86,99.47,80.05,42.38,365.2803004979323
-22.88,5.62,35.91,52.21,15.34,18.12,47.78,111.58,118.6,103.07,-193.09629844383343
-26.82,-6.11,11.26,2.91,30.74,0.08,56.92,87.93,124.54,68.71,-626.6163748205415
38.59,24.04,58.18,76.3,16.81,64.99,100.61,113.52,80.27,139.57,553.9325616438936
-8.03,-10.14,47.73,72.19,32.48,89.1,85.28,79.63,61.88,105.56,570.1923933452581
-31.65,22.41,5.12,39.05,56.33,64.14,85.48,24.92,33.48,115.54,1054.5656636535502
21.81,-35.23,-12.69,2.43,1.94,15.51,33.71,22.83,100.99,71.68,-512.0356570663247
14.52,-30.33,-22.93,-14.13,-3.19,96.25,96.42,38.92,36.88,43.64,720.8847931517539
-36.3,-38.41,26.76,-3.63,78.01,65.14,46.8,24.83,57.68,46.43,-168.20583069769737
-10.15,39.36,-5.98,60.82,5.61,6.13,73.87,23.98,99.08,100.62,286.5885476115379
-5.89,59.2,-0.03,62.34,1.07,21.94,65.74,21.49,83.74,51.84,394.5547153347136
39.3,-22.13,36.57,30.17,-1.19,83.15,39.65,54.33,52.05,85.77,478.1317135209067
2.04,-14.64,28.98,-3.94,15.97,9.23,98.62,46.01,118.72,60.95,-588.4701263931421
8.21,-1.83,14.84,58.03,-4.25,84.33,27.5,60.0,80.91,116.1,794.9528243123129
37.82,-34.95,42.5,8.66,65.95,93.84,26.84,88.23,49.61,73.52,-84.84789085347168
5.12,8.07,69.11,-3.52,45.33,3.41,10.61,101.6,91.32,137.26,-112.78264998578878
29.89,-11.91,-18.3,71.04,56.86,18.56,105.38,24.14,100.23,122.25,-535.6128522199857
-7.29,31.55,14.31,60.02,84.3,90.5,57.06,66.27,73.99,70.35,327.5407687364708
26.22,-31.18,45.69,40.72,75.96,80.79,30.18,68.95,97.07,41.84,-798.1834978321577
16.01,-4.79,58.2,22.21,14.92,7.17,83.81,42.6,76.48,125.23,59.52546025234749
38.87,-30.85,45.43,43.78,26.85,79.93,50.52,21.56,84.25,85.28,-55.94533772016442
-4.0,47.79,44.84,25.05,38.42,54.05,49.99,99.46,110.08,126.07,595.3409831142285
-14.62,17.57,10.74,17.78,22.7,66.74,51.9,62.06,107.83,70.5,358.1586522359498
-38.59,8.02,44.44,23.0,27.02,21.99,45.83,39.58,40.34,83.51,469.94686055134525
-9.61,29.73,55.97,22.33,13.12,38.77,21.66,46.43,125.11,73.83,113.80565467056992
-41.33,31.21,62.21,41.53,31.67,79.35,40.93,22.0,56.55,123.08,1362.8827864512787
25.74,36.66,22.66,-8.77,8.33,79.77,53.78,106.06,67.07,106.64,1089.2469243496962
-29.19,59.51,5.56,44.21,31.73,90.86,45.4,114.52,59.94,78.17,1214.4450640277478
15.28,39.22,-0.35,29.06,50.62,48.82,98.91,73.95,94.62,87.91,192.61769385030152
-31.06,41.72,60.85,6.74,1.25,32.68,91.53,90.61,61.54,120.61,1125.1226523463852
-32.42,-18.54,21.54,-13.66,-8.65,21.24,107.79,21.49,37.14,67.51,544.6658226886843
32.2,57.61,66.67,78.51,49.5,65.81,62.08,110.33,40.65,88.1,545.1478199562035
11.52,34.04,48.46,29.0,80.17,11.02,59.64,64.24,45.65,49.37,-387.1363080717659
-5.93,28.13,26.46,78.95,13.15,11.96,89.49,60.35,84.63,75.7,-39.58940751984551
13.2,-1.6,46.57,65.5,67.08,75.86,30.71,44.13,91.03,120.9,104.73244981250218
8.12,32.75,45.13,51.43,37.63,44.1,100.72,74.15,128.98,40.36,-424.0717810511127
-31.49,-25.77,58.15,12.35,54.13,17.49,59.18,47.42,64.47,116.34,-34.74206057275563
48.47,1.79,-24.78,69.77,-9.3,45.37,43.14,76.21,128.15,132.27,17.464370609416306
22.39,5.43,3.72,6.57,8.01,91.2,25.35,54.16,30.96,79.82,1023.8974279686203
45.1,33.78,-25.55,75.34,3.97,64.01,21.11,51.09,90.37,75.92,312.43620876717495
29.65,27.71,1.77,78.2,32.65,73.66,80.4,43.78,56.44,103.06,655.4632537449965
-49.87,43.69,21.61,76.14,-2.08,51.93,104.82,57.27,121.45,58.31,510.05802140934946
-38.35,44.96,57.23,-9.32,27.13,90.92,33.5,48.59,34.47,60.02,1437.0555504638255
22.86,41.8,-7.72,76.36,60.23,3.96,82.63,82.16,129.77,131.2,-445.2637283194637
29.18,23.13,-11.62,77.19,59.87,14.42,47.3,33.48,119.01,104.26,-583.1122207491971
-10.83,36.39,51.16,79.41,21.05,86.6,85.06,79.74,68.06,92.82,920.2670769802397
-16.3,-25.58,62.43,53.31,73.09,0.16,46.42,108.19,82.22,128.82,-704.2576727815314
24.54,-0.29,-13.35,42.87,11.56,64.95,49.27,113.49,121.61,116.58,125.93746637309928
34.22,-22.19,39.27,38.43,34.6,58.34,60.07,87.51,74.62,59.46,-409.5736438033453
22.6,26.59,-6.75,22.94,80.61,28.76,19.34,107.67,39.96,86.89,-93.5436343752471
49.56,7.21,60.52,73.0,-7.62,51.61,34.24,52.13,119.33,139.06,200.57357337618666
-2.74,-35.4,-14.28,6.78,1.86,52.25,59.77,105.9,45.82,99.01,407.69587312728504
-4.16,-34.06,1.54,37.81,78.94,40.77,71.71,97.74,94.78,97.15,-680.3512856194827
27.57,-30.45,51.01,57.48,-9.86,97.46,36.6,83.81,96.94,58.69,30.5000713560715
-17.44,35.7,61.17,-4.12,39.01,19.88,37.49,79.02,59.18,94.72,465.5901711487905
-16.47,5.97,12.96,61.47,46.4,11.12,48.25,91.83,84.33,80.76,-432.08561855008827
-32.08,38.01,-28.45,-8.87,59.45,21.9,105.44,93.62,128.71,73.34,-109.04185872620107
-44.36,12.65,65.87,-9.2,17.87,60.42,107.37,34.59,61.23,57.9,796.5976725408972
41.5,-36.93,-14.47,36.96,40.77,13.43,24.8,100.3,41.5,107.46,-527.9048245457195
33.24,33.66,-5.07,46.09,20.11,10.51,14.56,74.92,38.16,60.53,-6.8819865659430235
-47.24,-38.28,69.76,72.04,18.46,32.32,72.27,38.42,64.66,121.18,199.38419303199157
6.61,-24.52,61.62,43.8,46.05,90.72,81.29,74.46,116.02,62.5,-300.6785470677645
-26.06,-6.99,-8.59,69.58,-1.96,67.79,64.15,94.07,91.62,70.82,293.05637124221136
4.14,-25.89,34.71,17.53,-4.61,28.6,17.7,24.74,120.62,104.86,-139.36763767282105
47.06,40.99,23.01,55.83,47.03,44.24,66.96,31.25,76.91,93.51,137.88974987263407
-11.95,1.18,-28.37,40.85,57.02,67.89,75.72,63.74,96.89,73.14,1.5115078256852037
7.46,-10.92,19.11,72.64,-4.03,85.38,70.13,81.55,32.94,108.52,921.421291657589
-11.72,-31.33,67.05,-18.77,32.45,4.92,105.19,49.16,109.28,108.3,-415.3908542802188
43.25,-15.8,-12.52,46.25,28.85,44.92,43.94,77.46,118.62,67.27,-721.3785652500834
20.73,2.23,33.77,11.37,41.83,87.08,12.17,95.66,66.63,47.32,133.60101946066374
-32.22,-23.2,60.7,43.23,41.93,9.78,87.9,99.88,85.5,64.9,-673.8256517316587
38.37,20.37,-2.27,54.56,61.35,91.83,92.86,90.18,38.99,49.41,403.11902011976497
42.53,28.94,48.7,-5.22,86.2,36.86,71.96,42.66,58.78,94.29,-10.286022118837955
-30.6,-12.69,17.6,19.43,70.97,28.48,109.61,36.89,88.64,84.61,-282.8496185060583
-20.51,-7.4,-3.39,-8.48,-0.73,31.88,58.89,39.21,61.11,118.39,768.5119338485531
32.54,-21.47,5.15,-16.12,54.07,8.03,30.19,52.43,121.68,135.38,-606.2297674072175
39.46,58.5,4.96,76.64,5.95,98.34,62.13,79.49,46.12,93.84,1263.8729321924386
-34.32,-31.02,-11.32,39.64,66.69,95.79,102.12,92.18,80.1,128.8,480.3276670701334
36.08,-6.64,-16.99,16.09,17.62,32.21,53.05,79.04,106.5,121.69,-91.67303813641807
-19.7,50.6,65.68,76.03,39.45,28.85,31.29,75.17,46.98,130.02,781.3459725947729
10.34,28.12,28.26,47.03,47.41,60.72,23.3,28.54,93.87,50.11,-16.482941360506324
23.81,31.11,52.2,16.87,8.68,79.0,24.81,103.67,85.31,78.19,599.2003397360818
-10.62,-1.24,58.5,-10.43,62.68,36.98,24.01,24.64,117.39,123.69,-21.435722830203602
3.31,24.71,66.66,29.04,76.8,32.03,39.7,77.67,75.25,62.78,-341.1457298681771
-43.37,44.84,-15.23,62.23,64.7,7.56,102.53,68.79,128.12,113.95,-68.22914526092362
-6.84,38.73,19.17,47.51,70.43,65.94,102.62,96.77,58.98,133.89,786.5340479121181
48.98,-37.65,14.4,50.43,64.36,12.87,47.09,60.27,44.99,116.97,-689.4751630651502
22.49,11.43,-23.92,34.28,80.05,98.14,37.95,39.05,33.86,91.0,631.8411698961764
12.65,35.18,10.39,41.18,8.92,91.8,64.93,78.85,116.35,69.65,576.9847963486114
38.42,-38.26,11.06,75.55,75.34,59.98,73.18,23.32,84.7,74.58,-818.5562265786444
-16.56,57.31,3.58,39.28,83.75,3.88,33.07,67.36,73.55,126.09,197.98391467140877
11.88,42.99,-24.99,-3.15,33.94,44.68,57.92,74.02,57.51,64.03,669.5200375156901
24.88,2.99,5.24,11.16,35.07,29.43,66.4,34.25,50.04,66.24,-16.00064890699975
17.05,11.9,50.84,58.52,37.4,76.07,60.35,35.4,112.46,55.45,-116.91620524722919
-41.55,23.15,-21.19,34.37,35.26,42.31,82.72,79.75,85.49,74.36,350.6151800327614
37.56,41.05,8.16,36.19,-7.28,75.69,54.63,51.51,90.24,55.93,584.6978359885206
-10.09,-34.78,19.37,36.08,75.02,9.1,35.23,29.96,40.11,108.67,-401.6685768919981
-46.31,16.04,27.35,13.71,-2.22,5.53,50.84,34.32,40.28,126.26,988.107222932699
-0.58,29.61,9.31,-6.36,82.07,65.92,18.34,102.16,62.48,40.89,53.33087768792227
21.88,24.34,11.01,73.79,60.71,42.35,54.01,59.12,40.13,139.08,466.42920744998236
44.42,17.56,11.04,-6.15,45.96,6.84,94.23,34.89,114.83,69.91,-642.9855133882006
9.37,-39.66,21.91,14.15,73.8,52.63,94.7,112.7,103.65,60.49,-924.8378492909617
33.84,48.99,-27.73,63.35,3.02,66.16,26.35,103.25,39.73,88.07,918.767364487059
-16.5,-12.34,52.24,-13.61,42.04,99.65,17.96,112.14,98.74,105.17,545.0640574863925
-21.86,41.55,-4.17,-10.24,73.04,50.51,80.94,44.66,114.87,92.67,329.7569198074287
21.17,28.67,27.96,-8.73,20.71,49.72,80.51,109.37,93.81,43.39,30.299582102381855
40.61,18.33,55.27,33.56,74.65,26.85,23.41,57.28,55.48,95.39,-260.2124299518086
-48.05,23.06,19.63,58.36,79.84,92.66,106.11,115.74,119.14,114.7,453.86187714250946
26.9,-26.68,49.54,2.23,-8.28,81.7,39.54,108.89,129.33,51.32,-235.74627068353175
-21.25,11.49,50.67,68.8,77.24,45.23,82.29,46.55,37.28,123.48,426.701289519233
13.25,-9.26,22.92,50.65,16.12,44.4,48.12,78.01,54.23,118.82,356.2158362183479
-21.76,39.86,21.96,19.14,69.18,30.33,72.12,49.86,94.65,131.8,431.89409233296226
16.16,38.77,24.73,44.38,70.26,79.67,94.87,27.69,74.92,65.45,354.37357447865406
12.69,37.14,37.2,14.87,84.69,56.17,98.71,111.79,126.05,73.3,-334.610312849869
-42.89,50.85,32.0,44.25,69.97,71.96,76.53,27.17,47.08,127.23,1297.9753666736294
26.11,13.95,13.53,67.33,39.22,96.88,99.28,24.48,36.99,110.85,966.5247465321307
20.47,-19.08,27.7,-2.7,10.66,59.31,20.0,22.66,109.92,42.33,-260.3988967692639
-47.35,-33.11,24.35,12.12,11.92,51.23,88.53,66.7,89.85,119.83,480.6233516897398
13.75,-11.7,-25.71,45.49,74.55,55.14,55.12,98.74,129.37,40.28,-1042.3699412104934
-4.1,-13.49,-3.76,59.89,88.97,25.49,15.15,87.59,121.42,131.93,-746.3255849880899
23.59,25.83,-7.11,63.32,47.73,99.2,62.49,74.95,77.16,50.07,292.53000495862227
47.87,42.6,-7.11,-2.9,30.52,3.42,30.28,36.43,82.34,92.0,4.884786053785406
49.23,21.28,62.46,18.9,46.32,16.15,68.94,51.73,85.5,40.15,-700.1502716642057
11.13,42.25,37.31,43.72,12.69,94.89,80.17,94.05,63.71,119.58,1306.5820156135687
-27.47,-21.95,68.34,2.46,25.52,76.42,19.63,64.61,128.94,134.47,424.76083117300743
24.48,24.64,-13.55,-13.49,19.97,44.63,29.58,28.38,121.75,59.57,9.13345030671742
26.85,28.62,13.58,-1.63,-8.46,33.81,85.64,102.56,101.87,111.51,480.6035317708597
22.15,27.74,61.6,2.91,46.81,91.22,109.06,65.71,57.79,56.66,609.7643482555293
10.81,-32.17,20.32,3.57,-9.82,62.17,59.88,85.24,39.35,44.76,238.2034166963155
13.35,44.55,65.69,47.92,86.68,80.81,87.97,39.19,57.01,114.91,712.0867727123152
26.52,45.65,40.02,-4.32,42.48,75.97,67.22,101.75,49.44,54.39,622.0372410250259
-27.17,24.98,53.86,-14.3,44.92,13.79,33.93,28.83,83.27,76.25,135.64066891669165
-44.84,32.68,11.46,34.59,-6.65,70.93,40.38,80.03,35.39,93.35,1476.609451712189
35.46,7.89,57.61,7.51,71.63,97.86,13.87,74.23,76.66,112.43,419.90757175341514
-39.12,20.42,-20.7,10.72,49.22,25.91,95.55,56.83,90.61,136.7,556.3916826610389
-13.28,36.07,-2.06,49.21,42.23,12.87,16.72,116.76,47.76,55.09,-46.531434949928666
11.49,-7.44,-28.24,21.85,65.29,69.41,84.1,71.31,112.69,72.37,-314.9895609071377
-19.09,58.64,-3.86,-8.99,71.94,4.71,48.24,52.78,102.83,61.33,-131.82625291010103
41.57,-3.57,-2.97,21.47,46.23,16.98,47.49,86.04,101.83,121.11,-467.6269381852109
12.11,-30.88,15.17,25.27,37.87,65.45,70.73,23.03,94.27,129.26,182.2599552080102
26.83,11.54,57.82,15.06,83.03,46.75,61.77,51.72,46.73,111.06,127.99402307874183
44.62,56.0,1.75,79.03,59.22,5.24,85.97,82.19,124.59,102.7,-584.8374842437079
-11.08,-8.45,51.4,28.58,19.26,49.03,39.13,83.87,58.22,139.65,660.7053728936392
-1.18,32.21,44.9,12.86,78.11,71.71,79.88,22.57,102.07,42.48,-19.94747822545761
-38.87,-37.34,43.64,11.57,37.44,36.0,67.47,24.77,111.68,137.15,63.03018930000467
-37.18,-36.35,62.83,23.6,39.76,0.13,73.73,77.04,109.28,86.01,-767.1783850520184
-30.8,22.22,-11.98,41.29,44.88,43.56,12.83,42.64,101.98,115.59,398.26553744899917
48.94,26.03,10.75,45.19,7.8,85.44,91.89,93.65,75.73,54.54,390.269254755302
19.04,8.47,56.65,49.31,72.36,77.57,66.82,107.74,81.91,73.68,-162.8673672208766
-8.99,44.47,23.19,62.89,0.99,90.74,45.7,70.96,69.19,60.97,1014.3887355541764
-19.8,2.26,9.52,45.08,2.32,37.66,57.13,90.6,106.13,59.24,-80.226780717741
45.28,-11.98,46.09,3.95,20.11,82.97,23.91,109.08,97.99,109.56,204.70758770405948
-2.0,52.89,12.34,28.72,22.73,71.61,79.66,106.96,129.13,64.01,374.1415775379679
28.27,35.95,52.4,-13.16,-3.03,48.04,98.41,40.76,72.86,74.12,696.1921192381827
-37.05,51.5,-21.22,22.21,78.84,12.1,100.39,71.77,46.13,118.14,606.6270348746515
27.78,-33.94,-15.51,8.46,41.56,10.06,18.99,102.22,108.37,66.27,-1122.8799038848135
31.7,3.08,-13.3,24.93,-2.4,99.44,78.03,85.32,94.77,45.67,360.4817143347757
-33.41,-37.0,62.46,-18.8,72.15,92.95,60.98,52.01,51.77,131.04,745.8333314632209
21.61,9.56,21.14,-14.76,4.42,85.24,46.47,113.98,121.08,45.28,154.11556874309406
-4.34,22.84,29.24,50.87,34.15,38.81,75.29,88.93,39.43,78.98,368.06606809400495
-31.58,55.23,35.97,13.05,39.57,52.7,68.15,93.83,59.23,64.95,787.4651750687724
-26.88,17.72,65.59,71.99,49.42,72.54,62.29,37.45,47.19,42.48,342.6457761593542
-47.07,0.09,17.31,43.87,62.88,93.66,27.44,90.66,34.81,106.89,1096.702228031249
-33.63,41.28,64.77,40.62,64.94,73.26,41.36,106.73,39.57,100.78,914.893306460677
-35.81,-20.19,-4.55,-1.82,33.26,60.01,89.79,81.7,86.92,48.3,19.478079216550256
42.32,46.56,30.33,-9.44,80.68,53.14,76.37,55.09,88.19,126.53,379.6243007944927
41.73,30.14,-3.56,66.58,50.2,68.2,18.09,62.32,124.32,129.09,113.4394234465895
46.07,57.64,-15.22,23.64,53.94,28.95,85.46,80.97,100.47,115.5,146.14162646505963
39.77,-15.86,26.88,79.54,10.82,10.16,87.46,40.91,126.97,51.06,-1122.0262285747956
-26.6,26.53,-19.39,0.38,16.81,21.29,99.73,85.01,36.62,134.87,1085.5586921669537
-19.19,-11.91,0.09,71.28,21.91,38.3,19.82,22.79,111.15,77.81,-252.20593342157463
-19.52,-17.95,17.79,10.18,74.29,54.3,73.84,57.81,55.02,108.86,211.649848289221
-47.81,-9.14,32.84,49.29,59.38,77.33,66.23,118.89,59.38,59.46,168.67284977826273
-42.46,28.29,40.11,50.02,35.55,33.99,22.0,54.7,75.31,98.67,486.8446709547129
34.52,57.7,26.29,-14.18,60.47,38.94,94.12,29.33,50.43,79.28,521.4999959030797
-41.48,13.32,-22.2,-17.81,85.19,65.24,37.0,75.54,105.63,116.97,429.40159322584367
1.99,31.67,-2.44,46.94,-8.37,28.59,22.09,46.1,103.76,66.9,194.23668855159653
9.51,50.99,49.09,54.53,16.39,65.87,57.87,37.0,30.05,99.8,1216.234188542337
7.04,48.11,42.83,45.88,18.74,44.99,21.34,67.13,56.11,123.73,928.9500566467209
6.47,-17.18,3.26,61.85,-6.37,87.54,79.39,111.18,86.67,95.65,456.0894136428117
-18.23,44.58,5.71,0.51,54.51,86.79,19.9,65.18,81.81,113.98,1114.9384368064111
-35.62,59.33,0.1,-0.21,79.57,94.3,46.47,65.27,124.4,69.45,650.2991958165655
29.01,-20.73,-14.06,-1.5,28.7,28.86,103.1,40.52,79.87,81.66,-247.79913201430026
38.24,-38.91,-11.59,71.97,24.26,91.82,93.51,45.95,32.4,132.53,626.6493488583856
45.33,-18.32,21.56,74.07,74.77,86.98,54.54,32.53,120.49,48.65,-844.6837260033922
26.09,29.12,69.13,15.56,20.56,54.83,105.52,36.81,84.89,102.05,720.2630479204391
48.03,12.88,5.95,26.75,1.76,46.62,101.66,114.54,78.69,85.3,148.36489732338072
-1.52,45.63,64.93,17.19,69.7,30.59,86.34,31.68,56.08,115.3,536.0861370806807
-12.84,-5.79,27.04,65.65,88.93,26.55,70.39,81.62,55.65,99.69,-385.3183986737939
20.56,18.68,-15.44,50.22,63.78,49.58,55.93,39.76,31.08,102.15,395.78089124471194
-14.1,-2.19,53.23,-4.46,-2.47,70.99,102.33,93.82,88.62,50.97,421.3726465309128
20.31,-17.79,49.3,-9.56,43.25,21.95,50.71,74.97,30.62,81.79,-112.77778817164769
34.51,7.09,21.19,14.15,84.52,98.98,84.19,76.27,123.52,133.78,194.1452911792058
27.15,-11.66,30.42,60.45,40.91,86.44,20.14,103.72,78.18,75.63,-72.268841999006
42.52,-0.04,22.44,55.45,-9.39,42.78,55.21,59.13,83.1,90.0,69.65024188376273
20.56,-26.16,-26.37,44.45,16.31,49.15,31.93,50.66,47.3,110.44,264.3229206093373
-48.94,-4.98,32.8,-2.54,38.55,66.57,21.96,53.55,62.35,119.89,923.4443131373583
6.2,47.08,-0.34,51.7,26.88,82.07,40.41,72.95,63.01,53.62,713.7954157961236
40.02,-32.94,55.06,70.74,16.64,43.3,46.03,87.8,39.09,78.99,-301.9140188329524
3.63,-15.28,19.51,-1.81,11.97,76.41,55.31,108.68,63.63,74.97,438.06445584806613
39.36,-3.35,30.65,0.36,17.77,46.36,28.41,55.05,49.73,125.09,529.1708552661098
-12.07,-32.39,9.65,20.5,2.87,33.13,64.35,109.21,119.93,72.68,-445.62238893238896
-4.28,-3.07,44.62,53.41,78.29,79.89,17.46,47.67,52.72,85.7,196.3916742158006
-9.56,21.11,-28.19,59.61,15.58,86.67,80.76,42.69,104.56,81.01,642.3004112426258
23.06,-12.73,-4.93,60.33,12.95,90.79,11.77,42.2,99.34,57.7,51.805171281018175
46.22,9.64,60.05,53.82,58.12,60.18,38.0,101.2,43.81,89.9,-19.10387891701864
25.54,47.12,-6.07,71.74,37.83,7.27,25.84,109.65,63.93,52.03,-368.99667796394806
8.42,-23.47,-10.14,-16.47,38.07,2.06,59.18,99.86,62.59,70.62,-533.733577797848
-14.26,-16.53,-19.52,40.51,35.82,50.52,91.75,48.92,56.95,91.27,271.8183098969958
-44.2,-16.14,-23.69,73.34,60.45,86.16,109.91,43.12,104.93,51.41,-85.90190338658279
-3.9,57.4,-29.78,51.43,22.19,17.8,28.34,77.37,115.41,111.53,312.2902763203259
-39.47,-28.59,-15.65,66.72,47.27,58.07,45.52,68.84,53.07,56.72,-78.90650284915685
24.04,-20.72,41.12,50.1,52.39,57.95,53.19,61.24,69.65,86.42,-252.79024951163825
-29.21,52.41,39.7,61.91,47.65,10.1,50.61,90.52,83.74,136.27,424.2900094210118
27.71,3.86,68.35,53.35,84.33,79.27,44.58,114.57,102.09,136.56,-75.81548372539461
0.43,50.56,2.3,55.06,19.13,3.54,40.47,65.0,121.83,103.09,4.657747685762722
37.99,27.85,47.19,2.28,9.49,42.16,69.86,114.72,68.9,54.11,132.30735373815355
-6.15,-7.0,33.74,-15.73,20.89,31.29,36.21,92.69,42.46,119.01,564.0121420651632
12.71,-12.76,-19.45,45.06,18.02,23.16,35.88,55.97,98.7,108.84,-197.12161692862526
-39.14,32.06,29.21,25.54,26.66,30.96,26.04,119.83,66.28,54.5,261.3317631148487
33.52,41.8,-25.87,39.62,-9.19,19.69,87.22,22.29,128.33,46.98,-15.434934374183342
-0.69,2.9,55.06,26.19,3.99,90.72,61.78,26.74,51.15,93.33,1074.973466154203
3.45,-20.12,17.54,37.63,48.22,99.41,23.78,59.42,123.16,94.91,33.55341878956446
48.51,-3.03,1.37,78.94,37.27,10.43,73.77,75.86,56.15,111.22,-409.1093764278755
43.37,9.92,21.13,53.35,70.26,54.3,82.97,105.92,59.65,87.79,-229.00802473187005
-26.41,-31.02,-15.23,73.65,79.89,65.05,60.28,90.36,49.11,137.98,191.64073879698188
5.69,52.93,19.46,22.25,30.25,7.58,85.6,78.75,42.26,116.79,673.8047278726832
-15.02,-31.5,46.46,-12.09,10.95,22.66,69.39,106.97,123.58,72.77,-531.8521334863193
20.46,-34.63,-5.13,-5.64,-8.94,92.43,81.73,113.86,127.51,126.22,431.1972474629833
-19.38,-13.14,41.08,60.08,26.03,54.39,31.79,64.42,102.56,124.75,194.11835642290765
3.94,44.43,-19.74,26.69,31.4,32.39,31.26,53.18,55.96,84.08,546.4407117007547
20.93,47.15,14.65,72.33,78.33,53.4,102.53,30.43,107.46,46.25,-352.18895948429895
46.48,-14.08,35.42,22.27,5.14,5.36,20.84,75.64,71.02,40.2,-772.8066263376178
-30.45,21.0,15.3,-16.85,65.02,97.42,71.2,72.11,48.34,132.86,1403.525417195003
47.17,0.04,37.09,64.24,21.78,1.83,100.27,53.8,37.18,82.8,-329.49728884486274
-2.3,7.93,-24.12,78.93,47.07,49.44,85.42,113.54,45.28,116.79,365.544488793838
-38.77,-18.17,-19.8,46.69,17.81,95.45,73.78,93.46,68.22,83.05,729.4516336719724
-24.64,-9.19,67.0,7.98,42.09,94.18,33.79,97.29,119.62,79.81,358.55296732023317
31.83,16.38,57.42,-11.75,10.79,15.91,67.77,41.49,89.67,52.88,-204.8752391657569
47.08,-17.84,14.25,-0.53,-3.94,47.08,98.35,104.81,128.26,109.71,-164.8599312306281
19.11,-2.19,47.99,-16.0,80.91,60.07,62.87,37.38,55.54,129.52,389.29443629254786
42.2,-39.5,68.87,62.04,55.29,53.8,68.79,90.52,36.91,79.03,-513.3677931236058
-12.73,32.33,-13.43,23.14,86.69,21.18,98.82,110.15,79.07,119.03,30.028088464843453
17.91,58.59,34.47,-18.03,33.18,79.16,90.83,106.06,120.16,70.58,577.4408224695464
47.65,31.32,3.38,32.27,50.67,17.33,84.7,55.12,49.68,57.9,-240.97317979847722
-28.66,26.93,3.38,76.55,7.03,63.71,82.67,97.57,98.71,64.95,405.78672951638663
48.81,57.27,-8.71,-6.47,19.53,8.58,50.85,108.89,62.42,67.29,136.84117702118837
-28.14,-36.99,-28.36,26.8,74.55,48.59,96.48,30.99,121.83,95.07,-502.5811575206985
41.62,46.72,4.36,64.16,64.46,91.82,99.42,24.29,56.43,103.39,783.8944861309969
-16.96,-31.68,53.18,-19.14,72.81,20.98,19.87,40.01,112.8,75.8,-789.4938944139783
-29.03,-12.42,-4.25,13.9,86.24,1.33,60.03,24.18,52.86,119.98,-160.0671304145173
-22.17,48.36,13.97,70.61,52.9,79.41,23.61,114.97,33.51,93.25,1131.4678508935372
-1.97,56.2,68.16,-14.8,82.54,59.42,48.15,93.05,115.53,138.09,554.8457177788029
-1.34,-4.79,-3.43,52.1,58.82,15.81,31.65,24.71,127.5,86.01,-756.8978987476056
-46.51,28.54,54.15,-16.45,47.89,34.7,20.44,117.44,79.7,91.08,438.0267731945523
27.78,-29.63,52.71,70.46,13.98,4.12,16.54,93.86,121.9,89.67,-1089.1641404502525
12.04,-37.35,23.7,15.36,60.76,30.82,61.13,35.22,125.93,92.78,-860.6284142954507
-26.95,42.57,42.12,-4.92,15.45,28.02,73.31,89.51,98.51,104.35,649.3361522543804
-20.08,27.33,17.2,55.39,37.26,46.24,90.36,53.37,57.45,78.96,482.9974378059475
12.8,4.13,-2.11,42.15,83.0,44.78,39.74,53.52,103.84,57.96,-687.2787961584261
-1.16,-20.74,58.22,29.19,9.57,24.59,49.05,35.64,86.95,42.77,-464.6890601534717
25.84,-25.78,16.88,-12.11,28.41,69.65,83.95,55.08,35.11,65.16,305.8659390351395
11.71,-36.52,-15.65,35.34,1.81,81.37,43.86,59.95,73.72,98.68,392.9438554054668
48.99,-36.15,12.59,57.91,46.06,70.77,102.81,65.11,110.47,135.99,-282.6290444575982
-8.11,-22.15,16.55,43.3,62.32,50.1,48.38,93.11,44.92,115.85,105.13119629271637
-41.01,-9.28,5.28,51.48,43.35,20.6,92.04,60.74,68.88,97.43,16.877474349361172
44.17,-32.38,17.62,-15.8,81.46,13.72,98.01,88.66,100.37,125.69,-874.892598285615
12.59,-15.95,33.82,79.81,75.26,34.23,93.23,74.98,76.97,55.11,-907.1063403148623
17.32,19.97,33.01,67.46,29.9,37.59,94.47,98.68,39.75,108.48,379.99719406575565
-5.9,13.07,-29.64,77.91,18.51,63.35,96.63,99.15,100.33,49.57,-17.79992662038309
17.71,46.56,1.18,-11.65,66.08,56.92,35.35,106.16,49.43,71.34,613.9181880005746
-18.8,-34.99,30.98,62.72,16.93,93.77,60.34,49.85,35.93,56.56,468.38853268965016
-12.18,13.52,-20.33,57.48,29.88,2.9,96.47,60.27,95.71,111.06,-92.13592371208055
3.29,27.58,41.69,31.98,5.06,24.39,57.34,102.7,115.15,96.21,60.52032675573367
31.52,-38.88,-7.44,7.33,67.8,66.74,19.08,85.15,87.88,121.6,-276.0127008080835
4.57,51.59,50.77,-8.26,34.62,76.53,74.88,81.22,125.62,95.18,676.0218021790195
47.75,-22.33,-16.45,-12.32,25.67,85.36,50.81,61.22,109.83,96.85,89.19617849423817
45.13,-12.13,26.58,-12.85,68.16,4.69,50.29,70.56,81.84,51.81,-924.2621872717518
19.26,22.84,-1.26,-7.22,-6.03,36.94,19.49,93.34,60.79,136.95,931.7773602839361
17.56,-7.56,46.75,16.08,58.81,98.11,15.12,75.29,37.9,68.23,405.7993635903705
39.01,-17.46,-10.27,11.19,13.17,73.63,101.89,91.31,80.79,125.01,447.98725087245407
32.36,-24.11,-28.56,55.29,87.53,0.61,84.7,104.2,58.22,84.98,-1134.3156544806081
42.58,-21.57,-11.97,35.26,14.89,14.28,67.16,114.27,124.18,97.27,-820.7780323176307
12.0,-24.28,14.6,67.43,35.09,87.64,104.35,56.53,35.16,67.0,294.96360270245845
-24.89,43.44,15.87,59.25,11.43,66.1,17.62,108.24,78.04,69.5,699.9593009620074
19.64,50.4,7.0,77.65,88.87,9.99,48.52,78.47,61.93,73.37,-453.86071735628224
-34.42,24.98,-9.44,-5.26,49.98,2.47,48.79,89.19,91.31,69.89,-167.64957474555666
20.5,0.76,56.47,9.9,89.4,96.7,99.15,27.03,104.86,81.01,-9.002666648782398
-42.31,-39.78,53.43,8.11,61.93,70.62,72.43,103.07,93.07,125.56,155.93442436423751
-31.11,-30.8,42.82,65.04,71.69,32.82,24.3,71.49,71.79,58.91,-727.6090564573985
49.23,55.83,42.41,40.89,70.45,59.52,93.79,76.56,96.59,119.05,266.5736290768358
42.38,8.92,22.59,16.25,88.16,67.57,22.34,21.14,39.09,127.9,410.03774794070904
-39.67,13.38,63.97,78.98,37.1,23.17,26.05,103.62,52.5,76.47,30.01357113201325
4.55,-0.75,59.43,6.63,78.07,39.35,36.25,86.27,35.23,69.68,-150.28966083690955
-11.29,52.37,0.07,37.54,7.57,43.86,71.47,117.5,119.03,126.11,715.2237867843261
42.58,45.48,31.57,17.91,54.81,92.86,30.97,92.62,106.55,69.42,254.04258773749186
23.93,19.91,30.15,29.53,9.47,2.97,42.97,27.0,69.43,71.53,-77.73679956994022
7.96,-26.03,-2.72,36.91,69.2,42.81,75.14,78.35,64.9,102.31,-301.6081239896224
23.44,53.51,4.95,2.45,69.78,8.21,103.41,61.06,118.97,108.15,-180.77143898706842
-7.5,19.11,23.79,-14.48,27.9,93.8,100.74,33.09,59.81,57.82,974.6887590024526
-46.82,-38.92,33.52,30.65,78.08,8.73,23.46,51.7,54.32,42.72,-848.6053612420512
31.56,33.16,33.35,12.68,48.25,54.95,34.73,58.9,102.49,115.23,291.29016915834353
-8.72,-19.69,56.75,51.22,-6.31,69.3,48.16,93.94,76.82,85.63,342.8802816479313
-16.67,-34.51,11.79,57.98,-6.31,98.13,83.68,57.33,87.73,69.67,434.71657696797087
-17.61,-2.48,55.83,24.44,83.16,56.45,43.35,66.68,66.42,125.1,236.78244937976228
11.23,49.49,62.49,6.82,80.48,87.01,100.96,49.32,67.98,111.1,899.3242169852789
40.55,-3.63,36.22,16.52,28.68,79.71,107.37,103.13,120.19,72.11,-182.43882243712395
19.37,-3.03,-4.64,-4.94,83.76,20.96,85.54,78.63,126.9,102.98,-751.0163035236072
46.06,-17.29,52.09,23.14,61.98,74.33,78.67,22.83,36.8,108.49,272.82910154078985
24.71,-22.87,33.46,48.96,8.96,78.46,63.24,27.46,60.64,43.93,80.9811433453557
24.02,-23.42,56.9,55.15,17.5,76.0,108.0,65.83,72.3,113.01,307.18829217862094
-18.66,-17.58,53.89,-2.93,56.36,80.65,19.2,58.85,85.71,126.69,511.16270548622515
9.63,39.06,3.67,65.55,36.32,21.42,90.84,60.74,80.71,58.86,-142.64874566317
-15.24,0.46,-28.86,42.33,62.84,88.44,109.31,45.51,109.09,107.23,371.8763542627066
39.88,43.14,-14.0,45.23,83.28,6.6,24.15,46.16,68.46,117.39,-202.38004416667056
-40.09,-9.92,-28.21,40.38,43.32,11.21,67.44,42.01,83.95,69.09,-322.09672015427765
-37.41,-21.75,-29.68,33.23,43.02,43.38,49.61,45.95,102.74,73.23,-216.3848730724487
1.47,8.82,52.8,12.82,51.98,31.75,69.53,33.55,91.71,91.47,-72.1232982992622
20.07,-39.01,-0.68,-16.79,23.37,42.09,40.38,33.29,101.19,99.23,-202.36837440982487
39.24,-17.64,12.98,78.12,56.15,66.93,34.75,111.85,68.88,57.64,-611.8342107726614
-38.64,23.09,36.68,0.53,24.09,23.97,101.68,106.77,92.46,52.98,76.15157880217208
-35.28,55.31,-16.17,1.9,45.12,83.92,50.54,31.85,106.33,64.43,903.8916715666588
-26.96,-4.85,42.14,55.51,21.53,90.56,94.77,30.32,40.84,128.56,1252.3752071596714
-22.24,52.45,-21.61,57.72,48.54,65.48,81.93,100.71,118.93,125.48,679.1267090709601
32.73,48.26,23.7,78.78,21.91,15.5,53.55,60.15,58.57,103.77,418.64836928881175
39.62,-15.72,51.52,48.59,-3.7,27.02,26.1,74.84,59.85,119.42,62.8990793747242
-44.49,6.22,36.7,59.46,71.64,56.04,34.78,50.79,87.73,133.91,384.8525295723409
-18.98,-16.23,-25.33,3.35,5.64,44.7,24.92,35.87,104.28,136.84,562.8731979337244
-45.15,8.79,17.33,-19.11,24.07,37.11,86.58,116.67,126.8,51.17,-81.93271130755781
-2.01,-2.46,63.47,76.2,28.35,95.31,16.31,53.55,125.07,91.07,153.52048429619467
18.98,12.44,23.83,-8.8,34.21,72.55,98.55,58.62,72.0,86.81,573.101344538798
23.64,-18.95,37.08,-3.02,34.28,20.17,27.74,116.0,65.12,59.71,-563.13178116632
49.75,1.7,-27.69,9.29,16.61,76.67,44.3,53.46,32.26,45.81,406.7148096257523
-25.37,-35.27,23.34,79.61,59.11,20.55,58.32,50.71,41.06,44.92,-698.8420036553964
-42.82,-39.02,49.85,50.82,35.42,4.97,38.74,25.52,55.11,121.87,-85.92960852055924
-41.95,2.15,41.58,77.98,31.73,77.38,12.77,98.59,90.84,104.9,468.7089245956767
27.16,50.41,-25.33,-14.43,21.77,12.15,47.15,29.62,126.14,97.82,137.74833976618189
-40.03,32.92,38.88,75.48,78.62,67.46,74.43,53.8,41.56,109.15,786.1823802370334
-19.16,-9.1,42.45,-1.5,21.28,87.74,93.83,78.27,30.56,50.48,767.3440810788666
45.87,31.65,-28.12,60.89,5.09,8.04,41.64,92.87,85.28,47.1,-467.2203485696291
1.44,40.08,23.52,60.34,48.1,66.58,107.6,45.48,49.97,118.16,934.175480940774
45.28,53.86,28.86,56.15,76.75,70.23,13.5,111.87,127.59,92.52,-216.53292011547933
-49.89,54.5,15.53,17.19,70.4,79.29,39.36,76.18,41.96,58.08,988.9071323296935
-6.8,-2.42,43.58,-8.79,32.37,64.34,81.27,31.08,68.24,71.33,440.9017713307003
49.64,58.07,55.28,-13.52,-4.5,37.55,13.48,108.04,68.33,61.16,473.43275796244507
23.11,-3.94,41.38,48.71,76.82,5.91,84.59,57.01,58.43,61.77,-862.5287905370992
28.95,-28.58,-15.47,77.13,4.18,56.96,95.25,79.34,56.99,84.51,4.970431628401371
-49.97,-10.64,0.37,19.5,75.69,69.75,99.76,78.44,105.14,122.23,295.7751932331961
-26.87,47.52,49.37,38.21,31.54,82.85,26.62,103.28,38.02,121.52,1455.895164217404
13.48,14.61,30.64,50.15,84.8,56.8,94.51,37.32,60.01,105.48,136.97868136165224
45.94,-39.75,28.07,37.18,88.38,47.75,31.61,61.84,121.63,135.38,-896.855298001899
-35.42,-30.56,29.94,69.41,84.25,57.07,100.07,43.24,33.03,104.79,265.4388125274237
-38.62,54.48,9.98,53.33,76.25,34.68,46.01,57.33,42.73,83.1,554.1158418860304
-26.79,-33.07,39.43,46.75,35.98,96.25,72.79,107.97,72.23,119.65,561.1575559117799
-8.56,41.0,51.82,1.42,46.77,66.34,94.09,109.76,96.41,64.13,353.1583687614651
11.0,-13.65,29.6,-1.93,42.31,83.64,47.3,111.51,37.34,114.91,707.7084837306334
42.45,51.89,7.0,16.45,41.85,89.9,105.18,65.47,56.63,115.54,1150.1028824218795
36.89,17.3,40.54,28.48,45.93,86.54,39.49,38.71,97.14,114.77,465.64881806612794
-38.72,56.23,2.68,60.69,74.13,15.86,44.05,105.9,96.04,136.37,459.58556321717396
-10.71,-4.41,40.3,9.62,83.39,1.85,90.93,68.25,72.61,119.47,-370.7830409655559
27.31,50.96,22.73,69.33,37.95,45.4,59.42,50.9,96.8,47.9,-105.59412955756883
-49.68,-6.63,4.57,27.87,48.61,64.39,47.61,21.84,37.95,106.59,880.492708863738
-9.24,42.0,-0.6,3.75,-1.63,94.28,59.87,37.19,42.01,90.05,1683.881625210611
-18.12,-13.66,53.32,14.65,38.24,28.4,36.59,26.75,98.14,66.33,-341.6644748723707
40.03,1.78,27.5,28.34,51.46,9.45,36.78,34.31,63.87,91.13,-423.23775016183083
6.68,7.64,11.44,18.03,22.39,44.6,64.1,23.32,43.06,48.27,287.8444506413626
-22.86,-15.53,-25.32,9.15,22.79,69.97,57.37,75.27,94.01,107.24,502.26281108057
24.66,35.9,54.72,65.71,24.73,64.49,106.26,92.77,70.88,48.9,185.77365878724834
-10.29,47.76,-28.42,1.37,30.03,22.82,101.88,38.33,109.45,48.93,111.1292918679394
29.05,-6.19,16.71,20.71,39.24,45.78,13.51,44.67,122.99,109.13,-273.5376688776124
3.95,2.15,42.53,-15.73,6.14,61.17,61.93,99.52,116.78,85.23,243.66445477257847
-10.86,-28.44,-6.87,3.36,46.98,23.78,50.54,89.91,100.71,59.18,-709.4625246794601
25.91,-9.15,35.49,16.67,43.75,83.1,29.29,73.11,38.07,51.05,198.26513691619795
-39.41,20.92,69.18,9.17,46.04,57.36,98.05,47.39,91.13,52.49,278.61913712748776
-0.2,53.41,57.98,1.57,79.63,59.8,11.89,81.58,54.51,64.91,418.30443429526565
5.9,44.35,4.77,-14.4,72.37,34.98,61.08,65.38,128.65,98.62,-36.06155805088687
1.6,-10.71,45.73,70.83,-6.87,90.47,104.37,46.14,85.2,67.57,471.3212330544649
-39.66,-18.75,68.97,45.09,46.03,40.44,68.27,76.46,82.11,76.99,-197.01859324323678
25.14,38.91,-6.93,62.75,32.72,57.49,108.1,89.3,54.44,49.21,241.62512375068974
-21.55,25.96,2.22,-3.11,89.99,83.73,65.06,34.22,65.3,70.69,563.9451471509618
16.5,-33.66,33.1,33.46,-8.11,1.5,102.24,119.39,53.98,69.26,-319.8770632849653
-45.18,48.84,35.41,44.11,-0.58,1.53,98.64,117.37,96.59,82.93,330.58474940305905
43.04,0.52,3.9,63.42,71.61,10.03,73.92,29.49,32.34,58.66,-682.318911523415
29.52,-6.77,63.49,56.7,71.39,32.97,100.46,30.77,35.98,127.81,18.260584123814205
-42.31,13.84,-16.01,42.54,63.97,15.04,51.62,22.01,56.47,129.56,427.9646916301596
-49.78,-36.38,63.4,72.72,79.06,74.06,44.17,32.78,115.76,83.48,-407.6169920654754
-47.6,-32.72,24.88,9.22,50.42,58.51,23.91,55.95,30.41,59.97,246.13487159396635
12.98,-36.44,50.56,66.87,77.4,94.55,30.33,116.66,64.44,41.02,-599.0985467227378
-6.33,25.59,53.94,29.49,62.06,76.95,83.62,57.31,47.35,129.72,990.2552418903051
-13.5,-20.28,-26.71,7.44,48.52,97.61,24.84,111.52,73.38,80.54,386.4760440012671
23.6,58.61,-10.74,20.45,19.4,74.0,65.63,73.19,129.78,102.94,695.0626439711535
-9.28,32.06,-2.05,73.67,29.53,97.92,34.02,52.79,81.65,80.38,809.7248870530938
42.15,7.07,67.67,34.13,-1.38,55.46,84.58,69.99,93.75,53.75,-85.33297369616581
-4.31,52.29,-1.84,70.75,53.46,13.34,81.55,62.64,102.25,122.88,128.58486167940765
-9.31,-7.43,65.42,13.73,47.15,26.07,12.19,93.27,78.98,89.96,-251.56483470121628
0.73,-14.69,-15.26,-5.2,67.63,50.06,106.38,84.87,106.48,45.92,-609.7102359982699
-49.2,52.31,17.32,13.61,24.79,74.04,78.12,48.19,117.39,97.76,1088.4318659686078
22.58,24.55,1.71,21.48,56.47,42.07,48.33,46.03,78.12,66.15,-79.37792226732216
42.4,41.16,65.17,15.07,35.57,17.75,62.69,112.5,102.03,122.31,-24.447755092783638
23.32,-28.1,31.82,-19.45,82.25,17.97,15.9,30.29,86.88,93.64,-761.9319450273094
-14.63,0.25,-28.21,65.34,89.71,41.26,23.6,31.27,96.42,102.6,-325.83239802435804
-19.44,30.06,47.45,18.8,-9.51,62.29,37.88,75.54,52.5,128.71,1423.124004977587
10.23,14.14,19.89,17.27,52.78,83.07,97.31,70.66,81.82,126.37,700.7560053205024
44.31,-2.64,33.49,76.98,-6.69,38.43,104.62,33.69,123.32,79.54,-379.9363675280853
-18.94,-18.42,-10.94,75.51,9.32,90.53,46.88,52.76,45.99,59.27,581.261957440863
43.28,-25.16,61.25,40.87,40.5,38.44,20.74,110.27,36.85,45.74,-646.4903235408141
13.92,3.47,65.67,23.82,6.37,8.04,35.11,50.65,116.94,52.27,-605.7686459587125
21.69,3.38,43.08,1.23,39.9,19.91,93.01,37.26,119.87,70.38,-550.1682273506749
30.49,25.91,66.43,9.79,59.61,81.21,78.72,58.36,37.82,46.24,376.0981980646753
38.38,-0.68,45.32,-11.11,81.4,27.94,106.99,31.3,42.19,128.58,78.9594749398478
4.37,12.58,47.7,0.69,-2.99,23.73,63.87,75.4,90.54,81.17,176.9902037198186
-33.57,-15.13,57.58,21.39,15.25,43.68,102.67,106.81,101.61,98.35,135.51229294641553
-14.95,42.3,-19.44,42.6,49.39,65.22,31.54,72.42,126.07,50.1,33.69495409641463
-16.3,46.56,-10.35,21.08,53.36,34.5,36.2,95.18,91.21,123.46,516.123724403894
42.92,-17.8,38.45,21.21,36.26,82.62,68.73,33.58,35.26,50.12,156.80926952959732
-2.02,20.91,35.72,0.02,17.02,44.01,107.77,79.44,107.94,62.09,123.31222701146241
-6.62,-32.89,13.81,41.43,53.92,33.84,23.72,101.41,76.45,139.7,-170.08232136068978
43.35,-28.31,-17.16,-18.17,32.08,50.28,52.06,79.97,106.24,107.61,-251.3343507088589
-25.37,42.18,44.54,45.88,23.99,11.51,57.07,31.85,86.32,114.7,480.1572442548157
35.08,15.99,29.46,57.72,17.5,32.57,100.99,53.23,93.29,105.26,11.546989418145065
2.49,1.58,35.73,36.24,78.9,83.28,72.25,91.31,125.96,94.8,-191.28115236357792
5.79,1.12,46.98,70.96,15.9,58.14,43.97,99.82,73.77,90.23,177.13471752031842
-31.93,-2.61,-1.87,16.67,25.04,11.99,66.22,72.6,101.56,74.56,-228.79514673773508
-8.51,35.19,11.34,66.21,39.78,61.91,20.91,27.37,118.54,67.44,116.81223991152326
-18.17,-19.31,-20.91,24.45,78.57,98.94,50.09,32.47,59.15,97.65,497.79904505879693
16.52,49.77,22.56,19.68,37.54,3.59,32.69,113.34,72.2,42.49,-300.0792726134937
36.14,58.31,-11.1,41.98,64.54,96.93,109.25,108.67,60.58,79.73,721.373886271291
44.44,49.77,25.98,64.56,5.95,89.41,71.37,67.71,122.82,98.48,634.8565388156627
-2.29,-18.02,3.04,41.04,-7.62,22.61,40.53,74.91,35.21,115.33,463.74438453486243
-26.63,-33.27,33.89,31.42,7.09,68.57,10.52,94.6,35.62,124.02,818.91821719368
6.19,-2.58,5.42,43.15,36.43,82.35,91.18,32.41,95.43,72.4,214.0991447661937
30.63,-26.01,-9.49,30.08,-8.62,82.51,45.6,114.79,38.3,98.81,644.0064614301559
25.17,-10.45,49.97,-9.57,17.79,34.06,71.18,65.58,126.94,80.91,-393.7445055761936
25.47,0.26,27.31,78.68,83.26,14.53,59.03,91.76,63.43,138.78,-445.57350681839984
-20.05,-35.23,45.74,74.56,35.43,67.31,11.21,40.58,99.58,137.81,157.0088492756091
44.23,-12.42,38.75,19.03,56.9,75.3,16.59,55.43,88.46,86.55,-192.25307470661176
-45.47,2.76,54.48,-11.05,87.59,71.4,78.68,45.66,111.41,69.97,26.22618578014185
-13.72,-15.01,49.74,54.65,42.61,99.48,72.8,113.84,107.82,132.62,436.53064529835154
-17.69,22.03,-19.42,-13.05,23.58,63.23,99.86,39.93,129.48,63.44,365.53290556064286
11.34,41.32,50.09,60.34,72.95,38.54,80.06,51.73,63.58,43.48,-215.90665708809524
-1.32,50.39,59.38,21.55,23.69,92.58,89.77,46.99,56.04,126.24,1579.4998853533468
8.84,-33.79,19.01,31.5,82.11,73.59,75.91,58.03,92.98,92.11,-387.8658301547696
1.75,-28.71,25.37,44.54,70.73,14.63,29.83,20.07,60.87,66.51,-768.8398483793598
3.36,46.25,14.62,6.29,28.33,51.05,34.95,30.15,104.15,129.85,853.7280434850578
-13.13,3.07,-8.29,-12.95,8.62,49.06,35.38,60.07,43.48,44.11,498.38985055152574
9.03,-20.88,39.73,64.84,56.86,51.43,49.63,97.5,111.19,68.64,-780.3343237604728
-21.03,52.4,26.07,51.87,3.32,9.71,101.37,50.82,72.37,87.22,573.5741089135034
38.67,-21.13,45.23,24.13,68.34,8.27,91.51,93.43,44.19,70.72,-849.058297523331
-5.23,7.57,40.82,-0.33,76.05,93.2,95.77,88.17,65.36,127.12,771.4741930638376
44.19,52.03,44.56,49.58,44.0,96.32,20.73,43.89,71.33,128.81,1049.40909501853
-38.49,-18.45,-0.61,50.27,-0.84,23.96,39.59,71.6,43.06,127.64,624.4971434760814
-23.48,-17.07,19.89,-2.11,41.56,96.45,76.23,30.06,74.17,50.11,447.51175671436846
-23.08,30.56,-26.39,12.87,44.8,81.98,96.66,69.5,53.94,93.48,1078.0311435746044
-14.86,24.31,-7.39,63.31,30.76,56.44,60.44,105.55,120.61,43.05,-208.78105051842505
-36.38,23.46,44.91,-16.48,20.1,8.52,43.83,110.84,106.68,114.26,292.3832749739009
49.88,-37.87,61.77,-5.92,1.85,7.06,101.46,89.14,79.15,116.74,-408.74069717863307
-49.59,-19.07,37.02,31.29,84.8,87.06,96.26,119.84,86.34,92.87,117.91950859258188
-24.96,56.37,-18.77,42.85,69.9,27.48,58.49,89.46,53.16,119.55,639.6809824574171
44.59,-9.77,68.11,17.03,88.34,55.67,79.97,26.39,102.97,43.61,-911.1540005017747
-28.57,53.43,6.32,13.65,46.45,32.38,86.71,84.33,108.97,86.52,344.2375403025248
-46.71,38.06,34.95,-17.74,65.41,40.74,67.2,107.28,58.12,115.78,826.8209047923061
41.2,34.14,36.57,73.02,54.57,17.17,108.7,98.24,93.68,65.43,-673.7886913911846
-45.51,-37.08,29.91,-5.06,87.95,50.23,27.72,82.66,127.58,89.63,-615.5527717225683
-18.66,40.92,15.46,77.01,25.81,93.51,76.11,101.24,35.8,81.88,1178.2962725606383
39.84,-34.45,-7.11,9.09,7.31,93.16,104.96,84.12,64.58,82.05,365.74989848778296
11.92,16.57,30.1,54.14,43.9,59.47,13.16,85.85,121.26,134.13,146.67007679648407
-24.53,34.31,-11.42,73.04,67.3,97.93,98.61,55.18,44.78,95.21,1020.69691185146
18.06,59.07,7.86,-15.85,45.75,11.72,53.57,40.17,121.57,53.29,-215.60253207281613
33.71,0.19,69.65,11.0,12.92,72.04,83.01,79.56,90.67,66.64,121.64381957666114
32.1,5.16,55.42,33.54,55.21,14.65,12.96,107.97,66.91,91.31,-524.2708018541473
-42.78,8.83,66.35,46.35,50.56,4.44,84.86,49.48,117.82,123.93,-176.7135919452216
-43.43,39.46,-5.37,39.38,82.21,93.37,83.57,42.38,48.37,56.58,838.2556950482
40.3,10.45,5.03,7.08,57.65,65.87,33.35,62.71,76.38,98.34,158.45967915884702
-17.38,-15.84,-24.8,17.59,9.91,48.76,61.7,79.63,35.69,126.71,863.3156087535364
-0.41,-34.84,23.77,49.66,13.22,70.54,26.78,118.04,121.55,50.9,-537.9945842349333
24.11,-13.94,-28.18,25.9,71.72,71.1,71.35,35.49,55.6,104.62,187.85057685100392
19.24,-4.64,1.3,-8.48,81.06,56.21,25.45,83.38,73.86,93.75,-141.22038120672693
21.74,-19.0,-23.44,72.39,60.78,71.18,88.47,39.07,73.09,136.69,196.5420453663122
-22.6,19.06,-0.93,-13.59,16.21,86.72,17.66,80.47,32.14,92.9,1397.7249994429983
-30.77,-13.29,0.24,44.28,39.76,40.46,50.04,99.41,67.89,138.85,377.6077363460612
2.2,-37.62,-18.89,-8.36,75.63,56.52,17.69,56.7,104.6,74.37,-598.5326093008225
49.05,7.35,54.43,58.83,29.72,28.35,100.12,85.07,59.22,55.23,-451.48660112892316
-31.33,-20.19,49.85,-11.39,5.57,37.17,77.59,112.11,67.23,82.12,289.1908103070967
-2.52,56.09,60.91,20.2,-7.46,71.94,54.95,33.69,69.07,56.66,1104.7941054359992
-33.62,31.17,-13.26,48.64,-8.79,35.19,53.77,44.91,82.07,69.63,620.2427450552484
46.09,34.48,-10.41,25.06,12.54,4.18,60.56,35.82,67.3,107.09,204.9549788947536
-0.09,19.65,27.77,7.56,83.26,29.08,49.46,44.53,46.05,64.62,-84.68390113413025
10.53,-3.54,0.26,-14.18,44.01,46.68,84.45,108.7,56.49,49.27,76.30466695120349
-25.35,25.5,-15.47,39.76,29.62,64.29,76.02,73.84,32.07,59.4,788.8393977685482
-17.21,34.96,65.1,41.88,5.96,19.18,16.89,91.79,97.34,90.58,233.39990805460775
33.06,0.07,8.38,35.21,40.52,83.61,104.4,80.76,65.19,117.24,534.2394482590845
-8.98,-2.17,-17.43,43.29,63.61,10.35,47.61,20.81,60.98,102.2,-180.72576619416387
-21.3,10.17,-28.5,22.07,1.94,97.88,92.63,60.12,90.72,91.97,1082.6770048993978
19.97,33.19,28.55,25.31,47.03,32.52,57.38,90.91,36.02,121.91,559.2498208549255
39.54,53.15,60.53,10.23,87.84,1.71,104.88,119.01,102.75,129.97,-364.3699299401692
5.57,35.81,3.15,-1.97,21.63,99.77,106.15,74.18,122.01,113.72,1021.5370017771844
42.97,49.51,-7.83,8.41,60.24,49.37,46.71,38.17,114.86,65.98,-95.91082376647586
6.31,38.0,31.36,56.38,52.44,53.59,23.21,67.97,112.81,61.21,-166.06610528361367
-5.91,23.61,6.34,10.53,25.1,39.96,93.27,119.65,87.61,59.32,92.34709979015402
-6.29,2.38,17.4,65.25,66.72,13.87,99.67,70.46,117.98,75.91,-845.6098328029993
27.1,-8.16,59.5,11.32,1.27,86.43,33.9,119.09,75.84,119.4,679.0860429766849
-5.31,-5.81,26.31,74.2,49.04,79.47,99.9,115.15,30.35,69.66,291.7018322829476
26.63,-27.45,3.99,-12.95,19.91,77.36,104.35,22.7,70.62,112.28,576.0901835035754
-13.05,14.34,11.08,22.2,51.27,25.69,54.03,93.14,38.3,60.81,38.241318464127446
-47.57,23.94,42.19,37.32,-5.9,10.51,78.62,58.2,85.96,117.11,811.2645134440043
-28.11,45.92,24.03,-4.0,55.81,31.56,74.22,119.33,127.96,102.23,165.8832970156226
-4.67,38.55,9.33,56.83,74.33,68.66,55.53,83.99,103.58,104.87,249.38901947497524
-26.21,51.94,29.4,60.86,19.23,56.16,55.97,41.41,85.04,107.0,969.7210298334206
-10.39,58.6,43.59,26.52,36.11,3.2,40.45,40.78,94.05,47.75,-87.96194385375047
8.84,6.78,65.82,17.66,18.75,33.95,65.17,91.97,108.82,100.29,-38.484610099784156
-33.38,-4.81,-11.57,71.97,46.04,35.13,35.69,50.94,96.34,53.94,-412.0624269220065
16.46,51.74,-8.26,67.63,16.64,8.7,97.06,20.25,89.33,101.98,278.28618953054263
31.95,-32.33,28.4,51.1,17.09,19.02,62.44,67.65,73.78,67.03,-699.801931242517
-45.33,10.32,-4.92,78.9,61.36,99.57,104.18,39.92,41.59,41.86,628.935935988423
6.59,11.02,-16.83,18.54,23.62,32.58,48.43,106.06,93.6,97.13,215.0521009592414
-14.0,27.3,3.74,-0.72,-4.75,74.96,15.59,118.56,69.1,51.03,798.3192630912613
-7.73,59.24,59.46,-0.58,-9.54,81.95,62.05,99.38,89.8,46.69,1028.8041860944531
-6.34,39.76,55.99,39.68,78.89,31.82,52.96,71.54,51.9,115.1,345.88517973197
18.45,43.87,-5.07,-1.13,76.81,81.73,16.64,117.28,109.69,67.35,98.41690690430126
-29.95,-22.21,20.52,-5.17,31.57,31.29,77.06,22.28,60.67,54.42,14.252255256906608
-23.42,27.45,49.01,15.52,47.19,0.1,24.11,108.66,85.68,115.07,15.181757270747923
2.36,-17.6,-23.76,67.6,51.04,69.16,84.37,54.36,129.4,99.74,-284.68690323352985
-10.88,44.94,13.89,-2.03,-3.76,34.54,95.08,83.02,111.0,55.22,382.40558148523155
35.3,56.99,31.62,41.35,27.13,2.14,94.48,65.74,83.26,46.79,-273.75773610908203
19.83,-4.12,0.84,72.5,50.34,69.65,27.88,103.17,33.41,114.62,363.31229668219186
12.13,57.23,-8.62,68.4,23.91,54.52,32.17,30.8,118.37,83.99,369.42676293568155
-13.89,18.8,32.94,35.05,73.87,17.51,59.59,110.1,79.3,61.62,-512.4361975079819
25.5,-16.47,2.28,11.03,21.99,13.15,97.47,57.13,104.32,52.89,-735.2962061051857
-41.82,10.74,27.17,37.95,8.68,34.63,50.59,35.59,70.99,94.23,617.9900201027801
49.69,-36.67,39.4,59.13,13.14,66.19,15.8,113.68,72.58,62.36,-501.8258370940232
-25.5,11.23,-23.42,70.51,22.94,78.92,38.89,77.58,98.96,52.36,234.64845603864558
-33.23,-30.45,-0.1,77.55,16.19,90.46,85.68,100.58,103.98,83.19,185.59557498121094
18.52,17.94,62.89,58.28,88.8,72.13,55.88,30.33,65.53,58.67,-142.23619318141485
-48.61,28.88,-21.5,20.09,-9.85,39.39,68.13,37.58,47.47,60.11,1014.4436787182091
-7.77,16.74,26.36,39.76,3.57,79.64,66.64,43.98,103.62,69.33,559.1158272645696
46.97,-14.38,61.13,-10.29,13.75,76.3,25.02,30.59,49.61,106.06,626.3280139850943
17.29,-37.57,66.65,77.78,41.22,59.78,98.84,31.26,44.76,88.55,-118.64371120174394
-49.62,-31.47,67.02,7.73,28.23,52.58,94.57,54.94,84.87,50.63,-40.592259671715034
-11.02,57.18,45.03,66.14,72.84,23.06,107.87,105.63,58.28,64.0,-12.504969675356858
37.88,18.04,-16.65,56.2,59.62,24.49,88.88,52.18,121.88,125.21,-386.0752965733795
-35.39,9.85,8.57,78.8,-5.41,18.04,57.25,87.3,61.04,72.49,226.55591028998424
-15.63,5.6,6.16,35.98,70.68,45.19,46.95,81.17,106.92,49.27,-550.2613124782607
26.92,44.52,2.29,44.76,52.69,61.37,16.82,115.55,119.38,89.79,-19.755802092990507
-12.64,17.82,20.66,62.67,70.95,34.39,44.94,109.86,116.36,96.93,-424.2537162809791
-28.05,32.18,57.23,67.55,36.03,27.75,27.42,116.57,67.85,79.88,133.02736342749358
28.64,28.69,30.02,7.62,30.0,41.27,58.01,29.94,45.79,117.5,909.9402905841931
-44.35,32.87,45.07,42.97,22.53,19.03,61.89,66.43,68.89,91.3,495.25232901410385
-48.4,29.79,11.51,63.01,13.82,97.18,49.9,110.04,73.52,69.62,1024.8928401561498
41.43,-27.02,52.53,52.87,53.79,26.02,35.51,110.82,38.03,71.63,-740.8757419074459
-32.19,31.48,-26.13,-1.46,36.06,80.01,61.35,62.52,118.17,53.22,507.4275743892905
15.87,34.22,27.19,54.68,74.7,38.61,80.79,79.14,80.07,138.23,213.68447650227043
22.99,17.44,-13.49,47.68,76.01,21.32,60.1,76.57,84.92,98.29,-430.9423805500385
-16.39,1.8,-18.62,20.32,38.06,73.27,46.92,84.13,33.95,101.23,854.5544381906064
17.67,-18.73,17.58,65.19,18.28,31.99,35.26,91.04,34.75,55.77,-272.27166328342173
-13.05,1.88,64.58,24.66,49.5,18.97,22.39,94.39,44.13,124.47,209.74912894474647
5.36,-9.57,53.24,41.07,1.58,57.68,25.15,55.44,92.63,135.57,510.13592944058166
17.71,9.04,-24.21,70.14,89.65,58.2,71.58,85.86,42.21,40.99,-402.8278766268353
15.5,16.95,49.36,62.83,68.8,51.81,80.65,78.06,61.27,106.51,85.9619703323015
6.42,41.32,46.61,59.54,87.24,52.68,76.85,107.96,92.21,82.94,-174.30452791636213
-8.29,8.99,21.89,52.58,-2.04,96.36,76.04,115.97,114.21,121.97,837.9926467579869
33.61,34.15,-25.45,5.36,70.04,40.42,25.16,72.91,123.91,127.4,-36.3551576684564
7.97,12.58,2.81,47.78,86.82,97.32,27.58,84.19,87.74,116.58,331.2924892638408
-43.87,51.4,32.57,-3.52,28.05,18.19,68.63,77.14,85.62,106.05,736.9085525224201
-46.75,38.45,30.13,-6.19,5.68,57.97,51.22,24.43,76.5,73.0,1119.022498832244
18.09,30.4,10.39,67.0,1.36,72.15,47.55,111.06,99.63,105.41,568.4728551924486
3.22,-27.67,55.73,78.19,83.14,30.6,66.9,62.61,78.53,107.46,-711.8742092301609
22.47,-36.07,41.07,44.8,45.73,92.01,54.56,56.38,38.79,67.42,102.07074082323501
45.09,-9.46,-14.57,59.91,-2.88,27.25,21.27,70.53,76.73,56.42,-446.94134033778477
2.34,44.03,33.3,-3.47,41.97,72.8,50.77,31.66,115.18,100.98,687.0767280611944
11.61,51.55,-18.71,12.53,83.19,78.73,87.04,67.4,63.08,134.9,1005.7057208466391
46.73,-39.16,41.43,12.28,2.14,87.58,94.85,107.47,107.97,67.37,-228.03784293229532
44.34,6.93,67.6,45.21,41.55,66.98,107.36,83.87,31.5,82.55,280.2686272319048
-33.15,42.03,-8.99,25.84,53.4,96.6,47.52,117.64,101.63,88.4,816.1349247994384
15.27,8.99,40.39,78.56,75.76,88.28,43.21,104.99,100.43,80.93,-212.07074759161344
-38.25,1.27,36.83,4.07,38.91,84.83,49.9,94.53,90.57,136.78,930.7553400734851
-38.1,1.73,67.15,-5.09,9.7,22.9,18.24,48.07,93.38,51.94,21.963567756320067
-8.28,-0.09,18.42,5.47,66.91,84.97,72.03,112.51,55.24,115.49,646.705085913086
9.1,20.7,-13.81,-6.73,30.87,42.67,80.99,35.08,39.13,114.92,891.1855642795028
14.96,17.64,12.13,35.51,8.44,13.63,15.69,77.09,106.87,127.08,75.41027228410071
27.02,-20.12,-18.42,49.18,15.65,84.61,107.85,21.44,128.06,94.55,58.16284516379364
18.43,-25.04,48.25,67.83,61.82,25.62,43.0,102.51,85.26,97.76,-824.9069508958452
-21.91,-35.03,-29.34,73.87,84.78,22.98,86.14,41.16,46.02,128.09,-267.32243237535033
-46.14,-11.6,26.81,10.61,40.22,81.56,52.23,35.56,59.25,92.07,813.8949404045738
12.1,4.67,29.76,47.01,84.91,84.82,18.53,24.83,56.05,97.73,297.89805743790834
20.39,-23.82,9.63,78.0,79.54,39.65,109.0,49.7,97.11,67.8,-994.2637767384176
38.94,-30.43,-10.12,67.32,81.95,7.71,103.92,104.85,83.87,83.55,-1325.9346550470389
-22.92,57.41,60.01,55.41,18.02,62.7,39.02,60.26,102.17,43.69,465.93050106207426
-45.29,-30.33,-20.67,9.01,63.2,1.87,92.96,40.26,88.52,108.63,-362.1229498864951
31.87,4.21,-13.6,-1.13,83.16,50.99,12.57,58.72,98.22,72.56,-473.00885680195057
45.92,17.63,-29.93,56.73,86.85,17.12,70.01,70.69,123.04,83.85,-1047.766454982948
-12.39,-23.67,58.29,47.56,23.32,44.7,68.72,99.88,63.49,97.6,56.63385018977499
-29.43,-32.17,-12.38,47.05,74.05,76.31,82.31,33.4,31.4,139.43,671.9753077431311
35.94,-5.08,11.02,62.69,58.16,39.34,93.32,50.8,109.83,132.45,-194.4367460004018
-43.53,-20.76,44.58,24.33,37.36,17.64,76.77,109.63,32.8,63.35,-76.01873470998508
-27.93,55.9,28.69,-16.53,6.65,76.5,92.5,30.6,118.54,105.06,1330.426021531377
33.26,38.19,-17.46,-18.28,51.3,41.02,10.9,59.65,107.92,93.2,92.69216002045327
-10.2,10.35,14.2,51.8,28.54,46.72,90.13,25.13,98.9,79.76,130.50030378943183
-16.07,-17.01,62.04,65.9,87.86,16.06,83.26,71.93,34.36,73.84,-588.2960533977804
-40.53,-20.55,-27.52,46.64,12.76,44.02,73.82,49.87,105.03,75.51,14.566231580450655
-46.38,9.67,20.24,34.23,76.05,90.08,40.66,26.34,72.95,83.52,628.8535659525828
29.85,34.4,36.54,-17.69,57.09,43.56,83.4,20.35,56.55,80.44,400.02019177914065
27.98,-4.38,29.84,12.34,88.7,71.91,21.63,54.07,32.44,66.43,-20.98410607127535
12.74,45.38,28.86,33.04,84.74,14.51,54.1,119.51,45.83,109.08,28.75963836281057
